acao,cnpj,setor,subsetor,segmento
aalr3,42.771.949/0001-35,Saúde,Serv.Méd.Hospit..Análises e Diagnósticos,Serv.Méd.Hospit..Análises e Diagnósticos
abcb4,28.195.667/0001-06,Financeiro e Outros,Intermediários Financeiros,Bancos
abev3,07.526.557/0001-00,Consumo não Cíclico,Bebidas,Cervejas e Refrigerantes
adhm3,10.345.009/0001-98,Saúde,Serv.Méd.Hospit..Análises e Diagnósticos,Serv.Méd.Hospit..Análises e Diagnósticos
aeri3,12.528.708/0001-07,Bens Industriais,Máquinas e Equipamentos,Máq. e Equip. Industriais
aesb3,37.663.076/0001-07,Utilidade Pública,Energia Elétrica,Energia Elétrica
aflt3,10.338.320/0001-00,Utilidade Pública,Energia Elétrica,Energia Elétrica
agro3,07.628.528/0001-59,Consumo não Cíclico,Agropecuária,Agricultura
agxy3,21.240.146/0001-84,Consumo não Cíclico,Agropecuária,Agricultura
aheb3,62.002.886/0001-60,Consumo Cíclico,Viagens e Lazer,Produção de Eventos e Shows
aheb5,62.002.886/0001-60,Consumo Cíclico,Viagens e Lazer,Produção de Eventos e Shows
aheb6,62.002.886/0001-60,Consumo Cíclico,Viagens e Lazer,Produção de Eventos e Shows
alld3,20.247.322/0001-47,Consumo Cíclico,Comércio,Eletrodomésticos
alpa3,61.079.117/0001-05,Consumo Cíclico,Tecidos. Vestuário e Calçados,Calçados
alpa4,61.079.117/0001-05,Consumo Cíclico,Tecidos. Vestuário e Calçados,Calçados
alpk3,60.537.263/0001-66,Bens Industriais,Serviços,Serviços Diversos
also3,05.878.397/0001-32,Financeiro e Outros,Exploração de Imóveis,Exploração de Imóveis
alup11,08.364.948/0001-38,Utilidade Pública,Energia Elétrica,Energia Elétrica
alup3,08.364.948/0001-38,Utilidade Pública,Energia Elétrica,Energia Elétrica
alup4,08.364.948/0001-38,Utilidade Pública,Energia Elétrica,Energia Elétrica
amar3,61.189.288/0001-89,Consumo Cíclico,Comércio,Tecidos. Vestuário e Calçados
ambp3,12.648.266/0001-24,Utilidade Pública,Água e Saneamento,Água e Saneamento
amer3,00.776.574/0001-56,Consumo Cíclico,Comércio,Produtos Diversos
anim3,09.288.252/0001-32,Consumo Cíclico,Diversos,Serviços Educacionais
aper3,11.721.921/0001-60,Financeiro e Outros,Previdência e Seguros,Corretoras de Seguros
apti3,61.156.931/0001-78,Consumo não Cíclico,Agropecuária,Agricultura
apti4,61.156.931/0001-78,Consumo não Cíclico,Agropecuária,Agricultura
arml3,00.242.184/0001-04,Bens Industriais,Máquinas e Equipamentos,Máq. e Equip. Industriais
arzz3,16.590.234/0001-76,Consumo Cíclico,Comércio,Tecidos. Vestuário e Calçados
asai3,06.057.223/0001-71,Consumo não Cíclico,Comércio e Distribuição,Alimentos
atmp3,04.032.433/0001-80,Bens Industriais,Serviços,Serviços Diversos
atom3,00.359.742/0001-08,Financeiro e Outros,Outros,Outros
aura33,07.857.093/0001-14,Materiais Básicos,Mineração,Minerais Metálicos
aure3,28.594.234/0001-23,Utilidade Pública,Energia Elétrica,Energia Elétrica
avll3,16.811.931/0001-00,Consumo Cíclico,Construção Civil,Incorporações
azev3,61.351.532/0001-68,Bens Industriais,Construção e Engenharia,Construção Pesada
azev4,61.351.532/0001-68,Bens Industriais,Construção e Engenharia,Construção Pesada
azul4,09.305.994/0001-29,Bens Industriais,Transporte,Transporte Aéreo
b3sa3,09.346.601/0001-25,Financeiro e Outros,Serviços Financeiros Diversos,Serviços Financeiros Diversos
bahi3,45.987.245/0001-92,Consumo Cíclico,Diversos,Serviços Educacionais
balm3,61.374.161/0001-30,Saúde,Equipamentos,Equipamentos
balm4,61.374.161/0001-30,Saúde,Equipamentos,Equipamentos
bauh4,95.426.862/0001-97,Consumo não Cíclico,Alimentos Processados,Carnes e Derivados
baza3,04.902.979/0001-44,Financeiro e Outros,Intermediários Financeiros,Bancos
bbas3,00.000.000/0001-91,Financeiro e Outros,Intermediários Financeiros,Bancos
bbdc3,60.746.948/0001-12,Financeiro e Outros,Intermediários Financeiros,Bancos
bbdc4,60.746.948/0001-12,Financeiro e Outros,Intermediários Financeiros,Bancos
bbml3,01.107.327/0001-20,Bens Industriais,Serviços,Serviços Diversos
bbse3,17.344.597/0001-94,Financeiro e Outros,Previdência e Seguros,Seguradoras
bdll3,60.851.615/0001-53,Bens Industriais,Máquinas e Equipamentos,Máq. e Equip. Industriais
bdll4,60.851.615/0001-53,Bens Industriais,Máquinas e Equipamentos,Máq. e Equip. Industriais
beef3,67.620.377/0001-14,Consumo não Cíclico,Alimentos Processados,Carnes e Derivados
bees3,28.127.603/0001-78,Financeiro e Outros,Intermediários Financeiros,Bancos
bees4,28.127.603/0001-78,Financeiro e Outros,Intermediários Financeiros,Bancos
bfre11,02.762.113/0001-50,Financeiro e Outros,Serviços Financeiros Diversos,Gestão de Recursos e Investimentos
bfre12,02.762.113/0001-50,Financeiro e Outros,Serviços Financeiros Diversos,Gestão de Recursos e Investimentos
bgip3,13.009.717/0001-46,Financeiro e Outros,Intermediários Financeiros,Bancos
bgip4,13.009.717/0001-46,Financeiro e Outros,Intermediários Financeiros,Bancos
bidi11,00.416.968/0001-01,Financeiro e Outros,Intermediários Financeiros,Bancos
bidi3,00.416.968/0001-01,Financeiro e Outros,Intermediários Financeiros,Bancos
bidi4,00.416.968/0001-01,Financeiro e Outros,Intermediários Financeiros,Bancos
biom3,04.752.991/0001-10,Saúde,Comércio e Distribuição,Medicamentos e Outros Produtos
bkbr3,13.574.594/0001-96,Consumo Cíclico,Hoteis e Restaurantes,Restaurante e Similares
blau3,58.430.828/0001-60,Saúde,Medicamentos e Outros Produtos,Medicamentos e Outros Produtos
blut3,60.637.238/0001-54,Financeiro e Outros,Holdings Diversificadas,Holdings Diversificadas
blut4,60.637.238/0001-54,Financeiro e Outros,Holdings Diversificadas,Holdings Diversificadas
bmeb3,17.184.037/0001-10,Financeiro e Outros,Intermediários Financeiros,Bancos
bmeb4,17.184.037/0001-10,Financeiro e Outros,Intermediários Financeiros,Bancos
bmgb4,61.186.680/0001-74,Financeiro e Outros,Intermediários Financeiros,Bancos
bmin3,34.169.557/0001-72,Financeiro e Outros,Intermediários Financeiros,Bancos
bmin4,34.169.557/0001-72,Financeiro e Outros,Intermediários Financeiros,Bancos
bmks3,56.992.423/0001-90,Consumo Cíclico,Viagens e Lazer,Bicicletas
bmob3,09.042.817/0001-05,Tecnologia da Informação,Programas e Serviços,Programas e Serviços
bnbr3,07.237.373/0001-20,Financeiro e Outros,Intermediários Financeiros,Bancos
boas3,11.725.176/0001-27,Financeiro e Outros,Serviços Financeiros Diversos,Serviços Financeiros Diversos
bobr3,50.564.053/0001-03,Consumo não Cíclico,Produtos de Uso Pessoal e de Limpeza,Produtos de Limpeza
bobr4,50.564.053/0001-03,Consumo não Cíclico,Produtos de Uso Pessoal e de Limpeza,Produtos de Limpeza
bpac11,30.306.294/0001-45,Financeiro e Outros,Intermediários Financeiros,Bancos
bpac3,30.306.294/0001-45,Financeiro e Outros,Intermediários Financeiros,Bancos
bpac5,30.306.294/0001-45,Financeiro e Outros,Intermediários Financeiros,Bancos
bpan4,59.285.411/0001-13,Financeiro e Outros,Intermediários Financeiros,Bancos
bpar3,04.913.711/0001-08,Financeiro e Outros,Intermediários Financeiros,Bancos
bpat33,08.884.213/0001-35,Financeiro e Outros,Intermediários Financeiros,Bancos
bpha3,11.395.624/0001-71,Saúde,Comércio e Distribuição,Medicamentos e Outros Produtos
brap3,03.847.461/0001-92,Materiais Básicos,Mineração,Minerais Metálicos
brap4,03.847.461/0001-92,Materiais Básicos,Mineração,Minerais Metálicos
brbi11,10.739.356/0001-03,Financeiro e Outros,Intermediários Financeiros,Bancos
brbi3,10.739.356/0001-03,Financeiro e Outros,Intermediários Financeiros,Bancos
brbi4,10.739.356/0001-03,Financeiro e Outros,Intermediários Financeiros,Bancos
brfs3,01.838.723/0001-27,Consumo não Cíclico,Alimentos Processados,Carnes e Derivados
brge11,17.193.806/0001-46,Financeiro e Outros,Previdência e Seguros,Seguradoras
brge12,17.193.806/0001-46,Financeiro e Outros,Previdência e Seguros,Seguradoras
brge3,17.193.806/0001-46,Financeiro e Outros,Previdência e Seguros,Seguradoras
brge5,17.193.806/0001-46,Financeiro e Outros,Previdência e Seguros,Seguradoras
brge6,17.193.806/0001-46,Financeiro e Outros,Previdência e Seguros,Seguradoras
brge7,17.193.806/0001-46,Financeiro e Outros,Previdência e Seguros,Seguradoras
brge8,17.193.806/0001-46,Financeiro e Outros,Previdência e Seguros,Seguradoras
brit3,19.796.586/0001-70,Comunicações,Telecomunicações,Telecomunicações
briv3,60.770.336/0001-65,Financeiro e Outros,Intermediários Financeiros,Bancos
briv4,60.770.336/0001-65,Financeiro e Outros,Intermediários Financeiros,Bancos
brkm3,42.150.391/0001-70,Materiais Básicos,Químicos,Petroquímicos
brkm5,42.150.391/0001-70,Materiais Básicos,Químicos,Petroquímicos
brkm6,42.150.391/0001-70,Materiais Básicos,Químicos,Petroquímicos
brml3,06.977.745/0001-91,Financeiro e Outros,Exploração de Imóveis,Exploração de Imóveis
brpr3,06.977.751/0001-49,Financeiro e Outros,Exploração de Imóveis,Exploração de Imóveis
brqb3,36.542.025/0001-64,Tecnologia da Informação,Programas e Serviços,Programas e Serviços
brsr3,92.702.067/0001-96,Financeiro e Outros,Intermediários Financeiros,Bancos
brsr5,92.702.067/0001-96,Financeiro e Outros,Intermediários Financeiros,Bancos
brsr6,92.702.067/0001-96,Financeiro e Outros,Intermediários Financeiros,Bancos
bsev3,15.527.906/0001-36,Consumo não Cíclico,Alimentos Processados,Açucar e Alcool
bsli3,00.000.208/0001-00,Financeiro e Outros,Intermediários Financeiros,Bancos
bsli4,00.000.208/0001-00,Financeiro e Outros,Intermediários Financeiros,Bancos
bttl4,42.331.462/0001-31,Financeiro e Outros,Holdings Diversificadas,Holdings Diversificadas
cali3,61.022.042/0001-18,Consumo Cíclico,Construção Civil,Incorporações
cali4,61.022.042/0001-18,Consumo Cíclico,Construção Civil,Incorporações
camb3,61.088.894/0001-08,Consumo Cíclico,Tecidos. Vestuário e Calçados,Calçados
camb4,61.088.894/0001-08,Consumo Cíclico,Tecidos. Vestuário e Calçados,Calçados
caml3,64.904.295/0001-03,Consumo não Cíclico,Alimentos Processados,Alimentos Diversos
cash3,14.110.585/0001-07,Tecnologia da Informação,Programas e Serviços,Programas e Serviços
casn3,82.508.433/0001-17,Utilidade Pública,Água e Saneamento,Água e Saneamento
casn4,82.508.433/0001-17,Utilidade Pública,Água e Saneamento,Água e Saneamento
cata3,19.526.748/0001-50,Consumo Cíclico,Tecidos. Vestuário e Calçados,Fios e Tecidos
cata4,19.526.748/0001-50,Consumo Cíclico,Tecidos. Vestuário e Calçados,Fios e Tecidos
cbav3,61.409.892/0001-73,Materiais Básicos,Mineração,Minerais Metálicos
cbee3,33.050.071/0001-58,Utilidade Pública,Energia Elétrica,Energia Elétrica
ccro3,02.846.056/0001-97,Bens Industriais,Transporte,Exploração de Rodovias
ccxc3,07.950.674/0001-04,Financeiro e Outros,Outros,Outros
ceab3,45.242.914/0001-05,Consumo Cíclico,Comércio,Tecidos. Vestuário e Calçados
cebr3,00.070.698/0001-11,Utilidade Pública,Energia Elétrica,Energia Elétrica
cebr5,00.070.698/0001-11,Utilidade Pública,Energia Elétrica,Energia Elétrica
cebr6,00.070.698/0001-11,Utilidade Pública,Energia Elétrica,Energia Elétrica
cedo3,17.245.234/0001-00,Consumo Cíclico,Tecidos. Vestuário e Calçados,Fios e Tecidos
cedo4,17.245.234/0001-00,Consumo Cíclico,Tecidos. Vestuário e Calçados,Fios e Tecidos
ceeb3,15.139.629/0001-94,Utilidade Pública,Energia Elétrica,Energia Elétrica
ceeb5,15.139.629/0001-94,Utilidade Pública,Energia Elétrica,Energia Elétrica
ceeb6,15.139.629/0001-94,Utilidade Pública,Energia Elétrica,Energia Elétrica
ceed3,08.467.115/0001-00,Utilidade Pública,Energia Elétrica,Energia Elétrica
ceed4,08.467.115/0001-00,Utilidade Pública,Energia Elétrica,Energia Elétrica
cegr3,33.938.119/0001-69,Utilidade Pública,Gás,Gás
cepe3,10.835.932/0001-08,Utilidade Pública,Energia Elétrica,Energia Elétrica
cepe5,10.835.932/0001-08,Utilidade Pública,Energia Elétrica,Energia Elétrica
cepe6,10.835.932/0001-08,Utilidade Pública,Energia Elétrica,Energia Elétrica
cesp3,60.933.603/0001-78,Utilidade Pública,Energia Elétrica,Energia Elétrica
cesp5,60.933.603/0001-78,Utilidade Pública,Energia Elétrica,Energia Elétrica
cesp6,60.933.603/0001-78,Utilidade Pública,Energia Elétrica,Energia Elétrica
cgas3,61.856.571/0001-17,Utilidade Pública,Gás,Gás
cgas5,61.856.571/0001-17,Utilidade Pública,Gás,Gás
cgra3,92.012.467/0001-70,Consumo Cíclico,Comércio,Tecidos. Vestuário e Calçados
cgra4,92.012.467/0001-70,Consumo Cíclico,Comércio,Tecidos. Vestuário e Calçados
ciel3,01.027.058/0001-91,Financeiro e Outros,Serviços Financeiros Diversos,Serviços Financeiros Diversos
clsa3,03.802.115/0001-98,Tecnologia da Informação,Programas e Serviços,Programas e Serviços
clsc3,83.878.892/0001-55,Utilidade Pública,Energia Elétrica,Energia Elétrica
clsc4,83.878.892/0001-55,Utilidade Pública,Energia Elétrica,Energia Elétrica
cmig3,17.155.730/0001-64,Utilidade Pública,Energia Elétrica,Energia Elétrica
cmig4,17.155.730/0001-64,Utilidade Pública,Energia Elétrica,Energia Elétrica
cmin3,08.902.291/0001-15,Materiais Básicos,Mineração,Minerais Metálicos
cmsa3,00.272.185/0001-93,Financeiro e Outros,Outros,Outros
cmsa4,00.272.185/0001-93,Financeiro e Outros,Outros,Outros
cnsy3,07.437.016/0001-05,Consumo Cíclico,Mídia,Produção e Difusão de Filmes e Programas
coce3,07.047.251/0001-70,Utilidade Pública,Energia Elétrica,Energia Elétrica
coce5,07.047.251/0001-70,Utilidade Pública,Energia Elétrica,Energia Elétrica
coce6,07.047.251/0001-70,Utilidade Pública,Energia Elétrica,Energia Elétrica
cogn3,02.800.026/0001-40,Consumo Cíclico,Diversos,Serviços Educacionais
corr3,15.101.405/0001-93,Financeiro e Outros,Exploração de Imóveis,Exploração de Imóveis
corr4,15.101.405/0001-93,Financeiro e Outros,Exploração de Imóveis,Exploração de Imóveis
cpfe3,02.429.144/0001-93,Utilidade Pública,Energia Elétrica,Energia Elétrica
cple11,76.483.817/0001-20,Utilidade Pública,Energia Elétrica,Energia Elétrica
cple3,76.483.817/0001-20,Utilidade Pública,Energia Elétrica,Energia Elétrica
cple5,76.483.817/0001-20,Utilidade Pública,Energia Elétrica,Energia Elétrica
cple6,76.483.817/0001-20,Utilidade Pública,Energia Elétrica,Energia Elétrica
cpre3,08.439.659/0001-50,Utilidade Pública,Energia Elétrica,Energia Elétrica
crde3,07.820.907/0001-46,Consumo Cíclico,Construção Civil,Incorporações
crem3,82.641.325/0001-18,Saúde,Comércio e Distribuição,Medicamentos e Outros Produtos
crfb3,75.315.333/0001-09,Consumo não Cíclico,Comércio e Distribuição,Alimentos
criv3,17.167.412/0001-13,Financeiro e Outros,Intermediários Financeiros,Soc. Crédito e Financiamento
criv4,17.167.412/0001-13,Financeiro e Outros,Intermediários Financeiros,Soc. Crédito e Financiamento
crpg3,15.115.504/0001-24,Materiais Básicos,Químicos,Químicos Diversos
crpg5,15.115.504/0001-24,Materiais Básicos,Químicos,Químicos Diversos
crpg6,15.115.504/0001-24,Materiais Básicos,Químicos,Químicos Diversos
csab3,15.144.017/0001-90,Financeiro e Outros,Previdência e Seguros,Seguradoras
csab4,15.144.017/0001-90,Financeiro e Outros,Previdência e Seguros,Seguradoras
csan3,50.746.577/0001-15,Petróleo. Gás e Biocombustíveis,Petróleo. Gás e Biocombustíveis,Exploração. Refino e Distribuição
csed3,62.984.091/0001-02,Consumo Cíclico,Diversos,Serviços Educacionais
csmg3,17.281.106/0001-03,Utilidade Pública,Água e Saneamento,Água e Saneamento
csna3,33.042.730/0001-04,Materiais Básicos,Siderurgia e Metalurgia,Siderurgia
csrn3,08.324.196/0001-81,Utilidade Pública,Energia Elétrica,Energia Elétrica
csrn5,08.324.196/0001-81,Utilidade Pública,Energia Elétrica,Energia Elétrica
csrn6,08.324.196/0001-81,Utilidade Pública,Energia Elétrica,Energia Elétrica
csud3,01.896.779/0001-38,Bens Industriais,Serviços,Serviços Diversos
ctca3,06.981.381/0001-13,Consumo não Cíclico,Agropecuária,Agricultura
ctka3,82.640.558/0001-04,Consumo Cíclico,Tecidos. Vestuário e Calçados,Fios e Tecidos
ctka4,82.640.558/0001-04,Consumo Cíclico,Tecidos. Vestuário e Calçados,Fios e Tecidos
ctnm3,22.677.520/0001-76,Consumo Cíclico,Tecidos. Vestuário e Calçados,Fios e Tecidos
ctnm4,22.677.520/0001-76,Consumo Cíclico,Tecidos. Vestuário e Calçados,Fios e Tecidos
ctsa3,21.255.567/0001-89,Consumo Cíclico,Tecidos. Vestuário e Calçados,Fios e Tecidos
ctsa4,21.255.567/0001-89,Consumo Cíclico,Tecidos. Vestuário e Calçados,Fios e Tecidos
ctsa8,21.255.567/0001-89,Consumo Cíclico,Tecidos. Vestuário e Calçados,Fios e Tecidos
cury3,08.797.760/0001-83,Consumo Cíclico,Construção Civil,Incorporações
cvcb3,10.760.260/0001-19,Consumo Cíclico,Viagens e Lazer,Viagens e Turismo
cxse3,22.543.331/0001-00,Financeiro e Outros,Previdência e Seguros,Corretoras de Seguros
cyre3,73.178.600/0001-18,Consumo Cíclico,Construção Civil,Incorporações
dasa3,61.486.650/0001-83,Saúde,Serv.Méd.Hospit..Análises e Diagnósticos,Serv.Méd.Hospit..Análises e Diagnósticos
desk3,08.170.849/0001-15,Comunicações,Telecomunicações,Telecomunicações
dexp3,02.193.750/0001-52,Materiais Básicos,Químicos,Petroquímicos
dexp4,02.193.750/0001-52,Materiais Básicos,Químicos,Petroquímicos
dirr3,16.614.075/0001-00,Consumo Cíclico,Construção Civil,Incorporações
dmmo3,08.926.302/0001-05,Petróleo. Gás e Biocombustíveis,Petróleo. Gás e Biocombustíveis,Exploração. Refino e Distribuição
dmvf3,12.108.897/0001-50,Saúde,Comércio e Distribuição,Medicamentos e Outros Produtos
dohl3,84.683.408/0001-03,Consumo Cíclico,Tecidos. Vestuário e Calçados,Fios e Tecidos
dohl4,84.683.408/0001-03,Consumo Cíclico,Tecidos. Vestuário e Calçados,Fios e Tecidos
dotz3,10.221.279/0001-97,Tecnologia da Informação,Programas e Serviços,Programas e Serviços
dtcy3,03.303.999/0001-36,Bens Industriais,Serviços,Serviços Diversos
dtcy4,03.303.999/0001-36,Bens Industriais,Serviços,Serviços Diversos
dxco3,97.837.181/0001-47,Materiais Básicos,Madeira e Papel,Madeira
ealt3,82.643.537/0001-34,Bens Industriais,Máquinas e Equipamentos,Máq. e Equip. Industriais
ealt4,82.643.537/0001-34,Bens Industriais,Máquinas e Equipamentos,Máq. e Equip. Industriais
ecor3,04.149.454/0001-80,Bens Industriais,Transporte,Exploração de Rodovias
ecpr3,01.971.614/0001-83,Consumo Cíclico,Tecidos. Vestuário e Calçados,Fios e Tecidos
ecpr4,01.971.614/0001-83,Consumo Cíclico,Tecidos. Vestuário e Calçados,Fios e Tecidos
eeel3,92.715.812/0001-31,Utilidade Pública,Energia Elétrica,Energia Elétrica
eeel4,92.715.812/0001-31,Utilidade Pública,Energia Elétrica,Energia Elétrica
egie3,02.474.103/0001-19,Utilidade Pública,Energia Elétrica,Energia Elétrica
ektr3,02.328.280/0001-97,Utilidade Pública,Energia Elétrica,Energia Elétrica
ektr4,02.328.280/0001-97,Utilidade Pública,Energia Elétrica,Energia Elétrica
elek3,13.788.120/0001-47,Materiais Básicos,Químicos,Petroquímicos
elek4,13.788.120/0001-47,Materiais Básicos,Químicos,Petroquímicos
elet3,00.001.180/0001-26,Utilidade Pública,Energia Elétrica,Energia Elétrica
elet5,00.001.180/0001-26,Utilidade Pública,Energia Elétrica,Energia Elétrica
elet6,00.001.180/0001-26,Utilidade Pública,Energia Elétrica,Energia Elétrica
elmd3,09.347.516/0001-81,Comunicações,Mídia,Publicidade
elpl3,61.695.227/0001-93,Utilidade Pública,Energia Elétrica,Energia Elétrica
emae3,02.302.101/0001-42,Utilidade Pública,Energia Elétrica,Energia Elétrica
emae4,02.302.101/0001-42,Utilidade Pública,Energia Elétrica,Energia Elétrica
embr3,07.689.002/0001-89,Bens Industriais,Material de Transporte,Material Aeronáutico e de Defesa
enat3,11.669.021/0001-10,Petróleo. Gás e Biocombustíveis,Petróleo. Gás e Biocombustíveis,Exploração. Refino e Distribuição
enbr3,03.983.431/0001-03,Utilidade Pública,Energia Elétrica,Energia Elétrica
enev3,04.423.567/0001-21,Utilidade Pública,Energia Elétrica,Energia Elétrica
engi11,00.864.214/0001-06,Utilidade Pública,Energia Elétrica,Energia Elétrica
engi3,00.864.214/0001-06,Utilidade Pública,Energia Elétrica,Energia Elétrica
engi4,00.864.214/0001-06,Utilidade Pública,Energia Elétrica,Energia Elétrica
enju3,16.922.038/0001-51,Tecnologia da Informação,Programas e Serviços,Programas e Serviços
enma3b,06.272.793/0001-84,Utilidade Pública,Energia Elétrica,Energia Elétrica
enma6b,06.272.793/0001-84,Utilidade Pública,Energia Elétrica,Energia Elétrica
enmt3,03.467.321/0001-99,Utilidade Pública,Energia Elétrica,Energia Elétrica
enmt4,03.467.321/0001-99,Utilidade Pública,Energia Elétrica,Energia Elétrica
epar3,42.331.462/0001-31,Financeiro e Outros,Holdings Diversificadas,Holdings Diversificadas
eqpa3,04.895.728/0001-80,Utilidade Pública,Energia Elétrica,Energia Elétrica
eqpa5,04.895.728/0001-80,Utilidade Pública,Energia Elétrica,Energia Elétrica
eqpa6,04.895.728/0001-80,Utilidade Pública,Energia Elétrica,Energia Elétrica
eqpa7,04.895.728/0001-80,Utilidade Pública,Energia Elétrica,Energia Elétrica
eqtl3,03.220.438/0001-73,Utilidade Pública,Energia Elétrica,Energia Elétrica
espa3,26.659.061/0001-59,Consumo não Cíclico,Produtos de Uso Pessoal e de Limpeza,Produtos de Uso Pessoal
estr3,61.082.004/0001-50,Consumo Cíclico,Viagens e Lazer,Brinquedos e Jogos
estr4,61.082.004/0001-50,Consumo Cíclico,Viagens e Lazer,Brinquedos e Jogos
eter3,61.092.037/0001-81,Bens Industriais,Construção e Engenharia,Produtos para Construção
euca3,56.643.018/0001-66,Materiais Básicos,Madeira e Papel,Madeira
euca4,56.643.018/0001-66,Materiais Básicos,Madeira e Papel,Madeira
even3,43.470.988/0001-65,Consumo Cíclico,Construção Civil,Incorporações
eztc3,08.312.229/0001-73,Consumo Cíclico,Construção Civil,Incorporações
fbmc3,61.410.395/0001-95,Materiais Básicos,Siderurgia e Metalurgia,Artefatos de Ferro e Aço
fbmc4,61.410.395/0001-95,Materiais Básicos,Siderurgia e Metalurgia,Artefatos de Ferro e Aço
fesa3,15.141.799/0001-03,Materiais Básicos,Siderurgia e Metalurgia,Siderurgia
fesa4,15.141.799/0001-03,Materiais Básicos,Siderurgia e Metalurgia,Siderurgia
fher3,22.266.175/0001-88,Materiais Básicos,Químicos,Fertilizantes e Defensivos
fige3,01.548.981/0001-79,Financeiro e Outros,Outros,Outros
fige4,01.548.981/0001-79,Financeiro e Outros,Outros,Outros
fiqe3,02.255.187/0001-08,Comunicações,Telecomunicações,Telecomunicações
flex3,10.851.805/0001-00,Bens Industriais,Serviços,Serviços Diversos
flry3,60.840.055/0001-31,Saúde,Serv.Méd.Hospit..Análises e Diagnósticos,Serv.Méd.Hospit..Análises e Diagnósticos
fncn3,91.669.747/0001-92,Financeiro e Outros,Intermediários Financeiros,Soc. Crédito e Financiamento
fras3,88.610.126/0001-29,Bens Industriais,Material de Transporte,Material Rodoviário
frio3,04.821.041/0001-08,Bens Industriais,Máquinas e Equipamentos,Máq. e Equip. Industriais
frta3,86.550.951/0001-50,Consumo não Cíclico,Agropecuária,Agricultura
ftrt3b,02.465.783/0001-04,Financeiro e Outros,Outros,Outros
g2di33,38.307.135/0001-77,Financeiro e Outros,Serviços Financeiros Diversos,Gestão de Recursos e Investimentos
gbio33,19.688.956/0001-56,Saúde,Comércio e Distribuição,Medicamentos e Outros Produtos
gepa3,02.998.301/0001-81,Utilidade Pública,Energia Elétrica,Energia Elétrica
gepa4,02.998.301/0001-81,Utilidade Pública,Energia Elétrica,Energia Elétrica
gett11,10.440.482/0001-54,Financeiro e Outros,Serviços Financeiros Diversos,Serviços Financeiros Diversos
gett3,10.440.482/0001-54,Financeiro e Outros,Serviços Financeiros Diversos,Serviços Financeiros Diversos
gett4,10.440.482/0001-54,Financeiro e Outros,Serviços Financeiros Diversos,Serviços Financeiros Diversos
gfsa3,01.545.826/0001-07,Consumo Cíclico,Construção Civil,Incorporações
ggbr3,33.611.500/0001-19,Materiais Básicos,Siderurgia e Metalurgia,Siderurgia
ggbr4,33.611.500/0001-19,Materiais Básicos,Siderurgia e Metalurgia,Siderurgia
ggps3,09.229.201/0001-30,Bens Industriais,Transporte,Logística
gmat3,24.990.777/0001-09,Consumo não Cíclico,Comércio e Distribuição,Alimentos
gndi3,19.853.511/0001-84,Saúde,Serv.Méd.Hospit..Análises e Diagnósticos,Serv.Méd.Hospit..Análises e Diagnósticos
goau3,92.690.783/0001-09,Materiais Básicos,Siderurgia e Metalurgia,Siderurgia
goau4,92.690.783/0001-09,Materiais Básicos,Siderurgia e Metalurgia,Siderurgia
goll4,06.164.253/0001-87,Bens Industriais,Transporte,Transporte Aéreo
gpar3,08.560.444/0001-93,Utilidade Pública,Energia Elétrica,Energia Elétrica
gpiv33,07.857.850/0001-50,Financeiro e Outros,Serviços Financeiros Diversos,Gestão de Recursos e Investimentos
grao3,18.483.666/0001-03,Consumo não Cíclico,Agropecuária,Agricultura
grnd3,89.850.341/0001-60,Consumo Cíclico,Tecidos. Vestuário e Calçados,Calçados
gshp3,08.764.621/0001-53,Financeiro e Outros,Exploração de Imóveis,Exploração de Imóveis
guar3,08.402.943/0001-52,Consumo Cíclico,Comércio,Tecidos. Vestuário e Calçados
haga3,30.540.991/0001-66,Bens Industriais,Construção e Engenharia,Produtos para Construção
haga4,30.540.991/0001-66,Bens Industriais,Construção e Engenharia,Produtos para Construção
hapv3,05.197.443/0001-38,Saúde,Serv.Méd.Hospit..Análises e Diagnósticos,Serv.Méd.Hospit..Análises e Diagnósticos
hbor3,49.263.189/0001-02,Consumo Cíclico,Construção Civil,Incorporações
hbre3,14.785.152/0001-51,Financeiro e Outros,Exploração de Imóveis,Exploração de Imóveis
hbsa3,12.648.327/0001-53,Bens Industriais,Transporte,Transporte Hidroviário
hbts5,87.762.563/0001-03,Financeiro e Outros,Exploração de Imóveis,Exploração de Imóveis
heta3,92.749.225/0001-63,Consumo Cíclico,Utilidades Domésticas,Utensílios Domésticos
heta4,92.749.225/0001-63,Consumo Cíclico,Utilidades Domésticas,Utensílios Domésticos
hgtx3,78.876.950/0001-71,Consumo Cíclico,Tecidos. Vestuário e Calçados,Vestuário
hoot3,33.200.049/0001-47,Consumo Cíclico,Hoteis e Restaurantes,Hotelaria
hoot4,33.200.049/0001-47,Consumo Cíclico,Hoteis e Restaurantes,Hotelaria
hype3,02.932.074/0001-91,Saúde,Comércio e Distribuição,Medicamentos e Outros Produtos
idvl3,61.024.352/0001-71,Financeiro e Outros,Intermediários Financeiros,Bancos
idvl4,61.024.352/0001-71,Financeiro e Outros,Intermediários Financeiros,Bancos
ifcm3,38.456.921/0001-36,Tecnologia da Informação,Programas e Serviços,Programas e Serviços
igbr3,43.185.362/0001-07,Financeiro e Outros,Exploração de Imóveis,Exploração de Imóveis
igsn3,08.159.965/0001-33,Utilidade Pública,Água e Saneamento,Água e Saneamento
igta3,51.218.147/0001-93,Financeiro e Outros,Exploração de Imóveis,Exploração de Imóveis
igti11,60.543.816/0001-93,Financeiro e Outros,Exploração de Imóveis,Exploração de Imóveis
igti3,60.543.816/0001-93,Financeiro e Outros,Exploração de Imóveis,Exploração de Imóveis
igti4,60.543.816/0001-93,Financeiro e Outros,Exploração de Imóveis,Exploração de Imóveis
inep3,76.627.504/0001-06,Bens Industriais,Máquinas e Equipamentos,Máq. e Equip. Industriais
inep4,76.627.504/0001-06,Bens Industriais,Máquinas e Equipamentos,Máq. e Equip. Industriais
innt3,09.611.768/0001-76,Consumo Cíclico,Construção Civil,Incorporações
intb3,82.901.000/0001-27,Tecnologia da Informação,Computadores e Equipamentos,Computadores e Equipamentos
irbr3,33.376.989/0001-91,Financeiro e Outros,Previdência e Seguros,Seguradoras
itec3,54.526.082/0001-31,Tecnologia da Informação,Computadores e Equipamentos,Computadores e Equipamentos
itsa3,61.532.644/0001-15,Financeiro e Outros,Intermediários Financeiros,Bancos
itsa4,61.532.644/0001-15,Financeiro e Outros,Intermediários Financeiros,Bancos
itub3,60.872.504/0001-23,Financeiro e Outros,Intermediários Financeiros,Bancos
itub4,60.872.504/0001-23,Financeiro e Outros,Intermediários Financeiros,Bancos
jall3,02.635.522/0001-95,Consumo não Cíclico,Alimentos Processados,Açucar e Alcool
jbss3,02.916.265/0001-60,Consumo não Cíclico,Alimentos Processados,Carnes e Derivados
jfen3,33.035.536/0001-00,Consumo Cíclico,Construção Civil,Incorporações
jhsf3,08.294.224/0001-65,Consumo Cíclico,Construção Civil,Incorporações
jopa3,87.456.562/0001-22,Consumo não Cíclico,Alimentos Processados,Alimentos Diversos
jopa4,87.456.562/0001-22,Consumo não Cíclico,Alimentos Processados,Alimentos Diversos
jslg3,52.548.435/0001-79,Bens Industriais,Transporte,Transporte Rodoviário
kepl3,91.983.056/0001-69,Bens Industriais,Máquinas e Equipamentos,Máq. e Equip. Industriais
klbn11,89.637.490/0001-45,Materiais Básicos,Madeira e Papel,Papel e Celulose
klbn3,89.637.490/0001-45,Materiais Básicos,Madeira e Papel,Papel e Celulose
klbn4,89.637.490/0001-45,Materiais Básicos,Madeira e Papel,Papel e Celulose
krsa3,13.270.520/0001-66,Saúde,Serv.Méd.Hospit..Análises e Diagnósticos,Serv.Méd.Hospit..Análises e Diagnósticos
lame3,33.014.556/0001-96,Consumo Cíclico,Comércio,Produtos Diversos
lame4,33.014.556/0001-96,Consumo Cíclico,Comércio,Produtos Diversos
land3,40.337.136/0001-06,Consumo não Cíclico,Agropecuária,Agricultura
lavv3,26.462.693/0001-28,Consumo Cíclico,Construção Civil,Incorporações
lcam3,10.215.988/0001-60,Consumo Cíclico,Diversos,Aluguel de carros
leve3,60.476.884/0001-87,Consumo Cíclico,Automóveis e Motocicletas,Automóveis e Motocicletas
lher3,82.640.632/0001-84,Financeiro e Outros,Exploração de Imóveis,Exploração de Imóveis
lher4,82.640.632/0001-84,Financeiro e Outros,Exploração de Imóveis,Exploração de Imóveis
ligt3,03.378.521/0001-75,Utilidade Pública,Energia Elétrica,Energia Elétrica
linx3,06.948.969/0001-75,Tecnologia da Informação,Programas e Serviços,Programas e Serviços
lipr3,01.104.937/0001-70,Utilidade Pública,Energia Elétrica,Energia Elétrica
ljqq3,96.418.264/0218-02,Consumo Cíclico,Comércio,Produtos Diversos
llis3,49.669.856/0001-43,Consumo Cíclico,Comércio,Tecidos. Vestuário e Calçados
logg3,09.041.168/0001-10,Financeiro e Outros,Exploração de Imóveis,Exploração de Imóveis
logn3,42.278.291/0001-24,Bens Industriais,Transporte,Transporte Hidroviário
lpsb3,08.078.847/0001-09,Financeiro e Outros,Exploração de Imóveis,Intermediação Imobiliária
lren3,92.754.738/0001-62,Consumo Cíclico,Comércio,Tecidos. Vestuário e Calçados
ltel3b,00.743.065/0001-27,Materiais Básicos,Mineração,Minerais Metálicos
lupa3,89.463.822/0001-12,Petróleo. Gás e Biocombustíveis,Petróleo. Gás e Biocombustíveis,Equipamentos e Serviços
luxm3,92.660.570/0001-26,Bens Industriais,Transporte,Transporte Hidroviário
luxm4,92.660.570/0001-26,Bens Industriais,Transporte,Transporte Hidroviário
lvtc3,05.917.486/0001-40,Tecnologia da Informação,Programas e Serviços,Programas e Serviços
lwsa3,02.351.877/0001-52,Tecnologia da Informação,Programas e Serviços,Programas e Serviços
mapt3,93.828.986/0001-73,Financeiro e Outros,Outros,Outros
mapt4,93.828.986/0001-73,Financeiro e Outros,Outros,Outros
matd3,16.676.520/0001-59,Saúde,Serv.Méd.Hospit..Análises e Diagnósticos,Serv.Méd.Hospit..Análises e Diagnósticos
mbly3,31.553.627/0001-01,Consumo Cíclico,Comércio,Produtos Diversos
mdia3,07.206.816/0001-15,Consumo não Cíclico,Alimentos Processados,Alimentos Diversos
mdne3,12.049.631/0001-84,Consumo Cíclico,Construção Civil,Incorporações
meal3,17.314.329/0001-20,Consumo Cíclico,Hoteis e Restaurantes,Restaurante e Similares
mega3,42.500.384/0001-51,Utilidade Pública,Energia Elétrica,Energia Elétrica
melk3,12.181.987/0001-77,Consumo Cíclico,Construção Civil,Incorporações
merc3,33.040.601/0001-87,Financeiro e Outros,Intermediários Financeiros,Soc. Crédito e Financiamento
merc4,33.040.601/0001-87,Financeiro e Outros,Intermediários Financeiros,Soc. Crédito e Financiamento
mgel3,61.065.298/0001-02,Materiais Básicos,Siderurgia e Metalurgia,Artefatos de Ferro e Aço
mgel4,61.065.298/0001-02,Materiais Básicos,Siderurgia e Metalurgia,Artefatos de Ferro e Aço
mglu3,47.960.950/0001-21,Consumo Cíclico,Comércio,Eletrodomésticos
mils3,27.093.558/0001-15,Bens Industriais,Serviços,Serviços Diversos
mlas3,59.717.553/0001-02,Tecnologia da Informação,Computadores e Equipamentos,Computadores e Equipamentos
mmxm3,02.762.115/0001-49,Materiais Básicos,Mineração,Minerais Metálicos
mndl3,88.610.191/0001-54,Consumo Cíclico,Tecidos. Vestuário e Calçados,Acessórios
mnpr3,90.076.886/0001-40,Consumo não Cíclico,Alimentos Processados,Carnes e Derivados
moar3,33.102.476/0001-92,Financeiro e Outros,Holdings Diversificadas,Holdings Diversificadas
modl11,30.723.886/0001-62,Financeiro e Outros,Intermediários Financeiros,Bancos
modl3,30.723.886/0001-62,Financeiro e Outros,Intermediários Financeiros,Bancos
modl4,30.723.886/0001-62,Financeiro e Outros,Intermediários Financeiros,Bancos
mosi3,09.083.175/0001-84,Tecnologia da Informação,Programas e Serviços,Programas e Serviços
movi3,21.314.559/0001-66,Consumo Cíclico,Diversos,Aluguel de carros
mrfg3,03.853.896/0001-40,Consumo não Cíclico,Alimentos Processados,Carnes e Derivados
mrsa3b,01.417.222/0001-77,Bens Industriais,Transporte,Transporte Ferroviário
mrsa5b,01.417.222/0001-77,Bens Industriais,Transporte,Transporte Ferroviário
mrsa6b,01.417.222/0001-77,Bens Industriais,Transporte,Transporte Ferroviário
mrve3,08.343.492/0001-20,Consumo Cíclico,Construção Civil,Incorporações
mspa3,60.730.348/0001-66,Consumo Cíclico,Mídia,Jornais. Livros e Revistas
mspa4,60.730.348/0001-66,Consumo Cíclico,Mídia,Jornais. Livros e Revistas
msro3,08.795.211/0001-70,Consumo Cíclico,Diversos,Aluguel de carros
mtig3,80.227.184/0001-66,Materiais Básicos,Embalagens,Embalagens
mtig4,80.227.184/0001-66,Materiais Básicos,Embalagens,Embalagens
mtre3,07.882.930/0001-65,Consumo Cíclico,Construção Civil,Incorporações
mtsa3,86.375.425/0001-09,Bens Industriais,Máquinas e Equipamentos,Máq. e Equip. Construção e Agrícolas
mtsa4,86.375.425/0001-09,Bens Industriais,Máquinas e Equipamentos,Máq. e Equip. Construção e Agrícolas
mult3,07.816.890/0001-53,Financeiro e Outros,Exploração de Imóveis,Exploração de Imóveis
mwet3,84.683.671/0001-94,Bens Industriais,Material de Transporte,Material Rodoviário
mwet4,84.683.671/0001-94,Bens Industriais,Material de Transporte,Material Rodoviário
mypk3,61.156.113/0001-75,Consumo Cíclico,Automóveis e Motocicletas,Automóveis e Motocicletas
nafg3,61.067.161/0001-97,Consumo Cíclico,Utilidades Domésticas,Utensílios Domésticos
nafg4,61.067.161/0001-97,Consumo Cíclico,Utilidades Domésticas,Utensílios Domésticos
nemo3,60.651.809/0001-05,Materiais Básicos,Madeira e Papel,Papel e Celulose
nemo5,60.651.809/0001-05,Materiais Básicos,Madeira e Papel,Papel e Celulose
nemo6,60.651.809/0001-05,Materiais Básicos,Madeira e Papel,Papel e Celulose
neoe3,01.083.200/0001-18,Utilidade Pública,Energia Elétrica,Energia Elétrica
nexp3,08.613.550/0001-98,Financeiro e Outros,Exploração de Imóveis,Intermediação Imobiliária
ngrd3,10.139.870/0001-08,Tecnologia da Informação,Programas e Serviços,Programas e Serviços
ninj3,14.127.813/0001-51,Tecnologia da Informação,Programas e Serviços,Programas e Serviços
nord3,60.884.319/0001-59,Bens Industriais,Máquinas e Equipamentos,Máq. e Equip. Industriais
nrtq3,29.950.060/0001-57,Saúde,Medicamentos e Outros Produtos,Medicamentos e Outros Produtos
ntco3,32.785.497/0001-97,Consumo não Cíclico,Produtos de Uso Pessoal e de Limpeza,Produtos de Uso Pessoal
nutr3,51.128.999/0001-90,Materiais Básicos,Químicos,Fertilizantes e Defensivos
oder4,97.191.902/0001-94,Consumo não Cíclico,Alimentos Processados,Alimentos Diversos
odpv3,58.119.199/0001-51,Saúde,Serv.Méd.Hospit..Análises e Diagnósticos,Serv.Méd.Hospit..Análises e Diagnósticos
ofsa3,20.258.278/0001-70,Saúde,Comércio e Distribuição,Medicamentos e Outros Produtos
ogxp3,07.957.093/0001-96,Petróleo. Gás e Biocombustíveis,Petróleo. Gás e Biocombustíveis,Exploração. Refino e Distribuição
oibr3,76.535.764/0001-43,Comunicações,Telecomunicações,Telecomunicações
oibr4,76.535.764/0001-43,Comunicações,Telecomunicações,Telecomunicações
omge3,09.149.503/0001-06,Utilidade Pública,Energia Elétrica,Energia Elétrica
onco3,12.104.241/0004-02,Saúde,Serv.Méd.Hospit..Análises e Diagnósticos,Serv.Méd.Hospit..Análises e Diagnósticos
opct3,09.114.805/0001-30,Bens Industriais,Transporte,Transporte Hidroviário
orvr3,11.421.994/0001-36,Utilidade Pública,Água e Saneamento,Água e Saneamento
osxb3,09.112.685/0001-32,Petróleo. Gás e Biocombustíveis,Petróleo. Gás e Biocombustíveis,Equipamentos e Serviços
pard3,19.378.769/0001-76,Saúde,Serv.Méd.Hospit..Análises e Diagnósticos,Serv.Méd.Hospit..Análises e Diagnósticos
pati3,92.693.019/0001-89,Materiais Básicos,Siderurgia e Metalurgia,Artefatos de Ferro e Aço
pati4,92.693.019/0001-89,Materiais Básicos,Siderurgia e Metalurgia,Artefatos de Ferro e Aço
pcar3,47.508.411/0001-56,Consumo não Cíclico,Comércio e Distribuição,Alimentos
pcar4,47.508.411/0001-56,Consumo não Cíclico,Comércio e Distribuição,Alimentos
pdgr3,02.950.811/0001-89,Consumo Cíclico,Construção Civil,Incorporações
pdtc3,02.365.069/0001-44,Financeiro e Outros,Serviços Financeiros Diversos,Serviços Financeiros Diversos
peab3,01.938.783/0001-11,Financeiro e Outros,Holdings Diversificadas,Holdings Diversificadas
peab4,01.938.783/0001-11,Financeiro e Outros,Holdings Diversificadas,Holdings Diversificadas
petr3,33.000.167/0001-01,Petróleo. Gás e Biocombustíveis,Petróleo. Gás e Biocombustíveis,Exploração. Refino e Distribuição
petr4,33.000.167/0001-01,Petróleo. Gás e Biocombustíveis,Petróleo. Gás e Biocombustíveis,Exploração. Refino e Distribuição
petz3,18.328.118/0001-09,Consumo Cíclico,Comércio,Produtos Diversos
pfrm3,45.453.214/0001-51,Saúde,Comércio e Distribuição,Medicamentos e Outros Produtos
pgmn3,06.626.253/0001-51,Saúde,Comércio e Distribuição,Medicamentos e Outros Produtos
pine3,62.144.175/0001-20,Financeiro e Outros,Intermediários Financeiros,Bancos
pine4,62.144.175/0001-20,Financeiro e Outros,Intermediários Financeiros,Bancos
plas3,51.928.174/0001-50,Consumo Cíclico,Automóveis e Motocicletas,Automóveis e Motocicletas
plpl3,24.230.275/0001-80,Consumo Cíclico,Construção Civil,Incorporações
pmam3,60.398.369/0004-79,Materiais Básicos,Siderurgia e Metalurgia,Artefatos de Cobre
pnvl3,92.665.611/0001-77,Saúde,Comércio e Distribuição,Medicamentos e Outros Produtos
pnvl4,92.665.611/0001-77,Saúde,Comércio e Distribuição,Medicamentos e Outros Produtos
pomo3,88.611.835/0001-29,Bens Industriais,Material de Transporte,Material Rodoviário
pomo4,88.611.835/0001-29,Bens Industriais,Material de Transporte,Material Rodoviário
port3,33.130.691/0001-05,Bens Industriais,Transporte,Serviços de Apoio e Armazenagem
posi3,81.243.735/0001-48,Tecnologia da Informação,Computadores e Equipamentos,Computadores e Equipamentos
powe3,26.735.020/0001-02,Utilidade Pública,Energia Elétrica,Energia Elétrica
ppar3,59.789.545/0001-71,Financeiro e Outros,Outros,Outros
ppla11,15.073.274/0001-88,Financeiro e Outros,Serviços Financeiros Diversos,Gestão de Recursos e Investimentos
prio3,10.629.105/0001-68,Petróleo. Gás e Biocombustíveis,Petróleo. Gás e Biocombustíveis,Exploração. Refino e Distribuição
prnr3,18.593.815/0001-97,Bens Industriais,Serviços,Serviços Diversos
pssa3,02.149.205/0001-69,Financeiro e Outros,Previdência e Seguros,Seguradoras
ptbl3,83.475.913/0001-91,Bens Industriais,Construção e Engenharia,Produtos para Construção
ptca11,08.574.411/0001-00,Bens Industriais,Máquinas e Equipamentos,Máq. e Equip. Industriais
ptca3,08.574.411/0001-00,Bens Industriais,Máquinas e Equipamentos,Máq. e Equip. Industriais
ptnt3,88.613.658/0001-10,Consumo Cíclico,Tecidos. Vestuário e Calçados,Fios e Tecidos
ptnt4,88.613.658/0001-10,Consumo Cíclico,Tecidos. Vestuário e Calçados,Fios e Tecidos
qual3,11.992.680/0001-93,Saúde,Serv.Méd.Hospit..Análises e Diagnósticos,Serv.Méd.Hospit..Análises e Diagnósticos
qusw3,35.791.391/0001-94,Tecnologia da Informação,Programas e Serviços,Programas e Serviços
qvqp3b,01.851.771/0001-55,Financeiro e Outros,Outros,Outros
radl3,61.585.865/0001-51,Saúde,Comércio e Distribuição,Medicamentos e Outros Produtos
rail3,02.387.241/0001-60,Bens Industriais,Transporte,Transporte Ferroviário
raiz4,33.453.598/0001-23,Petróleo. Gás e Biocombustíveis,Petróleo. Gás e Biocombustíveis,Exploração. Refino e Distribuição
rani3,92.791.243/0001-03,Materiais Básicos,Embalagens,Embalagens
rani4,92.791.243/0001-03,Materiais Básicos,Embalagens,Embalagens
rapt3,89.086.144/0001-16,Bens Industriais,Material de Transporte,Material Rodoviário
rapt4,89.086.144/0001-16,Bens Industriais,Material de Transporte,Material Rodoviário
rcsl3,91.333.666/0001-17,Bens Industriais,Material de Transporte,Material Rodoviário
rcsl4,91.333.666/0001-17,Bens Industriais,Material de Transporte,Material Rodoviário
rdni3,67.010.660/0001-24,Consumo Cíclico,Construção Civil,Incorporações
rdor3,06.047.087/0001-39,Saúde,Serv.Méd.Hospit..Análises e Diagnósticos,Serv.Méd.Hospit..Análises e Diagnósticos
recv3,03.342.704/0001-30,Petróleo. Gás e Biocombustíveis,Petróleo. Gás e Biocombustíveis,Exploração. Refino e Distribuição
rede3,61.584.140/0001-49,Utilidade Pública,Energia Elétrica,Energia Elétrica
rent3,16.670.085/0001-55,Consumo Cíclico,Diversos,Aluguel de carros
rlog3,17.346.997/0001-39,Bens Industriais,Transporte,Transporte Ferroviário
rnew11,08.534.605/0001-74,Utilidade Pública,Energia Elétrica,Energia Elétrica
rnew3,08.534.605/0001-74,Utilidade Pública,Energia Elétrica,Energia Elétrica
rnew4,08.534.605/0001-74,Utilidade Pública,Energia Elétrica,Energia Elétrica
romi3,56.720.428/0001-63,Bens Industriais,Máquinas e Equipamentos,Máq. e Equip. Industriais
rpad3,17.167.396/0001-69,Financeiro e Outros,Intermediários Financeiros,Bancos
rpad5,17.167.396/0001-69,Financeiro e Outros,Intermediários Financeiros,Bancos
rpad6,17.167.396/0001-69,Financeiro e Outros,Intermediários Financeiros,Bancos
rpmg3,33.412.081/0001-96,Petróleo. Gás e Biocombustíveis,Petróleo. Gás e Biocombustíveis,Exploração. Refino e Distribuição
rrrp3,12.091.809/0001-55,Petróleo. Gás e Biocombustíveis,Petróleo. Gás e Biocombustíveis,Exploração. Refino e Distribuição
rsid3,61.065.751/0001-80,Consumo Cíclico,Construção Civil,Incorporações
rsul3,85.778.074/0001-06,Bens Industriais,Material de Transporte,Material Rodoviário
rsul4,85.778.074/0001-06,Bens Industriais,Material de Transporte,Material Rodoviário
sanb11,90.400.888/0001-42,Financeiro e Outros,Intermediários Financeiros,Bancos
sanb3,90.400.888/0001-42,Financeiro e Outros,Intermediários Financeiros,Bancos
sanb4,90.400.888/0001-42,Financeiro e Outros,Intermediários Financeiros,Bancos
sapr11,76.484.013/0001-45,Utilidade Pública,Água e Saneamento,Água e Saneamento
sapr3,76.484.013/0001-45,Utilidade Pública,Água e Saneamento,Água e Saneamento
sapr4,76.484.013/0001-45,Utilidade Pública,Água e Saneamento,Água e Saneamento
sbfg3,13.217.485/0001-11,Consumo Cíclico,Comércio,Produtos Diversos
sbsp3,43.776.517/0001-80,Utilidade Pública,Água e Saneamento,Água e Saneamento
scar3,29.780.061/0001-09,Financeiro e Outros,Exploração de Imóveis,Exploração de Imóveis
sedu3,02.541.982/0001-54,Consumo Cíclico,Diversos,Serviços Educacionais
seer3,04.986.320/0001-13,Consumo Cíclico,Diversos,Serviços Educacionais
seql3,01.599.101/0001-93,Bens Industriais,Transporte,Logística
sgps3,07.718.269/0001-57,Consumo Cíclico,Tecidos. Vestuário e Calçados,Fios e Tecidos
show3,02.860.694/0001-62,Consumo Cíclico,Viagens e Lazer,Produção de Eventos e Shows
shul3,84.693.183/0001-68,Bens Industriais,Máquinas e Equipamentos,Motores . Compressores e Outros
shul4,84.693.183/0001-68,Bens Industriais,Máquinas e Equipamentos,Motores . Compressores e Outros
simh3,07.415.333/0001-20,Financeiro e Outros,Holdings Diversificadas,Holdings Diversificadas
slce3,89.096.457/0001-55,Consumo não Cíclico,Agropecuária,Agricultura
sled3,60.500.139/0001-26,Consumo Cíclico,Comércio,Produtos Diversos
sled4,60.500.139/0001-26,Consumo Cíclico,Comércio,Produtos Diversos
smft3,07.594.978/0001-78,Consumo Cíclico,Viagens e Lazer,Atividades Esportivas
smls3,05.730.375/0001-20,Consumo Cíclico,Diversos,Programas de Fidelização
smto3,51.466.860/0001-56,Consumo não Cíclico,Alimentos Processados,Açucar e Alcool
snsy3,14.807.945/0001-24,Materiais Básicos,Materiais Diversos,Materiais Diversos
snsy5,14.807.945/0001-24,Materiais Básicos,Materiais Diversos,Materiais Diversos
snsy6,14.807.945/0001-24,Materiais Básicos,Materiais Diversos,Materiais Diversos
soja3,10.807.374/0001-77,Consumo não Cíclico,Agropecuária,Agricultura
soma3,10.285.590/0001-08,Consumo Cíclico,Comércio,Tecidos. Vestuário e Calçados
sond3,33.386.210/0001-19,Bens Industriais,Construção e Engenharia,Engenharia Consultiva
sond5,33.386.210/0001-19,Bens Industriais,Construção e Engenharia,Engenharia Consultiva
sond6,33.386.210/0001-19,Bens Industriais,Construção e Engenharia,Engenharia Consultiva
sprt3b,02.338.534/0001-58,Financeiro e Outros,Outros,Outros
sqia3,04.065.791/0001-99,Tecnologia da Informação,Programas e Serviços,Programas e Serviços
stbp3,02.762.121/0001-04,Bens Industriais,Transporte,Serviços de Apoio e Armazenagem
stkf3,00.622.416/0001-41,Consumo Cíclico,Viagens e Lazer,Atividades Esportivas
sttr3,91.495.499/0001-00,Bens Industriais,Máquinas e Equipamentos,Máq. e Equip. Construção e Agrícolas
sula11,29.978.814/0001-87,Financeiro e Outros,Previdência e Seguros,Seguradoras
sula3,29.978.814/0001-87,Financeiro e Outros,Previdência e Seguros,Seguradoras
sula4,29.978.814/0001-87,Financeiro e Outros,Previdência e Seguros,Seguradoras
suzb3,16.404.287/0001-55,Materiais Básicos,Madeira e Papel,Papel e Celulose
syne3,08.801.621/0001-86,Financeiro e Outros,Exploração de Imóveis,Exploração de Imóveis
taee11,07.859.971/0001-30,Utilidade Pública,Energia Elétrica,Energia Elétrica
taee3,07.859.971/0001-30,Utilidade Pública,Energia Elétrica,Energia Elétrica
taee4,07.859.971/0001-30,Utilidade Pública,Energia Elétrica,Energia Elétrica
tasa3,92.781.335/0001-02,Bens Industriais,Máquinas e Equipamentos,Armas e Munições
tasa4,92.781.335/0001-02,Bens Industriais,Máquinas e Equipamentos,Armas e Munições
tcno3,33.111.246/0001-90,Bens Industriais,Construção e Engenharia,Engenharia Consultiva
tcno4,33.111.246/0001-90,Bens Industriais,Construção e Engenharia,Engenharia Consultiva
tcsa3,08.065.557/0001-12,Consumo Cíclico,Construção Civil,Incorporações
tecn3,09.295.063/0001-97,Consumo Cíclico,Tecidos. Vestuário e Calçados,Acessórios
teka3,82.636.986/0001-55,Consumo Cíclico,Tecidos. Vestuário e Calçados,Fios e Tecidos
teka4,82.636.986/0001-55,Consumo Cíclico,Tecidos. Vestuário e Calçados,Fios e Tecidos
telb3,00.336.701/0001-04,Comunicações,Telecomunicações,Telecomunicações
telb4,00.336.701/0001-04,Comunicações,Telecomunicações,Telecomunicações
tend3,71.476.527/0001-35,Consumo Cíclico,Construção Civil,Incorporações
tesa3,05.799.312/0001-20,Consumo não Cíclico,Agropecuária,Agricultura
tfco4,59.418.806/0001-47,Consumo Cíclico,Comércio,Tecidos. Vestuário e Calçados
tgma3,02.351.144/0001-18,Bens Industriais,Transporte,Transporte Rodoviário
tiet11,04.128.563/0001-10,Utilidade Pública,Energia Elétrica,Energia Elétrica
tiet3,04.128.563/0001-10,Utilidade Pública,Energia Elétrica,Energia Elétrica
tiet4,04.128.563/0001-10,Utilidade Pública,Energia Elétrica,Energia Elétrica
tims3,02.421.421/0001-11,Comunicações,Telecomunicações,Telecomunicações
tkno3,33.467.572/0001-34,Materiais Básicos,Siderurgia e Metalurgia,Artefatos de Ferro e Aço
tkno4,33.467.572/0001-34,Materiais Básicos,Siderurgia e Metalurgia,Artefatos de Ferro e Aço
tots3,53.113.791/0001-22,Tecnologia da Informação,Programas e Serviços,Programas e Serviços
toyb3,22.770.366/0001-82,Consumo Cíclico,Viagens e Lazer,Brinquedos e Jogos
toyb4,22.770.366/0001-82,Consumo Cíclico,Viagens e Lazer,Brinquedos e Jogos
tpis3,03.014.553/0001-91,Bens Industriais,Transporte,Exploração de Rodovias
trad3,26.345.998/0001-50,Tecnologia da Informação,Programas e Serviços,Programas e Serviços
tris3,08.811.643/0001-27,Consumo Cíclico,Construção Civil,Incorporações
trpl3,02.998.611/0001-04,Utilidade Pública,Energia Elétrica,Energia Elétrica
trpl4,02.998.611/0001-04,Utilidade Pública,Energia Elétrica,Energia Elétrica
tten3,94.813.102/0001-70,Consumo não Cíclico,Agropecuária,Agricultura
tupy3,84.683.374/0001-49,Bens Industriais,Material de Transporte,Material Rodoviário
txrx3,82.982.075/0001-80,Consumo Cíclico,Tecidos. Vestuário e Calçados,Fios e Tecidos
txrx4,82.982.075/0001-80,Consumo Cíclico,Tecidos. Vestuário e Calçados,Fios e Tecidos
ucas3,90.441.460/0001-48,Consumo Cíclico,Utilidades Domésticas,Móveis
ugpa3,33.256.439/0001-39,Petróleo. Gás e Biocombustíveis,Petróleo. Gás e Biocombustíveis,Exploração. Refino e Distribuição
unip3,33.958.695/0001-78,Materiais Básicos,Químicos,Químicos Diversos
unip5,33.958.695/0001-78,Materiais Básicos,Químicos,Químicos Diversos
unip6,33.958.695/0001-78,Materiais Básicos,Químicos,Químicos Diversos
usim3,60.894.730/0001-05,Materiais Básicos,Siderurgia e Metalurgia,Siderurgia
usim5,60.894.730/0001-05,Materiais Básicos,Siderurgia e Metalurgia,Siderurgia
usim6,60.894.730/0001-05,Materiais Básicos,Siderurgia e Metalurgia,Siderurgia
vale3,33.592.510/0001-54,Materiais Básicos,Mineração,Minerais Metálicos
vamo3,23.373.000/0001-32,Bens Industriais,Máquinas e Equipamentos,Máq. e Equip. Construção e Agrícolas
vbbr3,34.274.233/0001-02,Petróleo. Gás e Biocombustíveis,Petróleo. Gás e Biocombustíveis,Exploração. Refino e Distribuição
viia3,33.041.260/0652-90,Consumo Cíclico,Comércio,Eletrodomésticos
vitt3,45.365.558/0001-09,Materiais Básicos,Químicos,Fertilizantes e Defensivos
viva3,33.839.910/0001-11,Consumo Cíclico,Tecidos. Vestuário e Calçados,Acessórios
vivr3,67.571.414/0001-41,Consumo Cíclico,Construção Civil,Incorporações
vivt3,02.558.157/0001-62,Comunicações,Telecomunicações,Telecomunicações
vivt4,02.558.157/0001-62,Comunicações,Telecomunicações,Telecomunicações
vlid3,33.113.309/0001-47,Bens Industriais,Serviços,Serviços Diversos
vspt3,00.924.429/0001-75,Bens Industriais,Transporte,Transporte Ferroviário
vspt4,00.924.429/0001-75,Bens Industriais,Transporte,Transporte Ferroviário
vulc3,50.926.955/0001-42,Consumo Cíclico,Tecidos. Vestuário e Calçados,Calçados
vveo3,12.420.164/0001-57,Saúde,Serv.Méd.Hospit..Análises e Diagnósticos,Serv.Méd.Hospit..Análises e Diagnósticos
wege3,84.429.695/0001-11,Bens Industriais,Máquinas e Equipamentos,Motores . Compressores e Outros
west3,14.776.142/0001-50,Consumo Cíclico,Comércio,Produtos Diversos
whrl3,59.105.999/0001-86,Consumo Cíclico,Comércio,Eletrodomésticos
whrl4,59.105.999/0001-86,Consumo Cíclico,Comércio,Eletrodomésticos
wizs3,42.278.473/0001-03,Financeiro e Outros,Previdência e Seguros,Corretoras de Seguros
wlmm3,33.228.024/0001-51,Bens Industriais,Comércio,Material de Transporte
wlmm4,33.228.024/0001-51,Bens Industriais,Comércio,Material de Transporte
yduq3,08.807.432/0001-10,Consumo Cíclico,Diversos,Serviços Educacionais
