acao,cnpj,setor,subsetor,segmento,codigo,indice
aalr3,42.771.949/0001-35,Saúde,Serv.Méd.Hospit..Análises e Diagnósticos,Serv.Méd.Hospit..Análises e Diagnósticos,aalr,3
abcb4,28.195.667/0001-06,Financeiro e Outros,Intermediários Financeiros,Bancos,abcb,4
abev3,07.526.557/0001-00,Consumo não Cíclico,Bebidas,Cervejas e Refrigerantes,abev,3
adhm3,10.345.009/0001-98,Saúde,Serv.Méd.Hospit..Análises e Diagnósticos,Serv.Méd.Hospit..Análises e Diagnósticos,adhm,3
aeri3,12.528.708/0001-07,Bens Industriais,Máquinas e Equipamentos,Máq. e Equip. Industriais,aeri,3
aesb3,37.663.076/0001-07,Utilidade Pública,Energia Elétrica,Energia Elétrica,aesb,3
aflt3,10.338.320/0001-00,Utilidade Pública,Energia Elétrica,Energia Elétrica,aflt,3
agro3,07.628.528/0001-59,Consumo não Cíclico,Agropecuária,Agricultura,agro,3
agxy3,21.240.146/0001-84,Consumo não Cíclico,Agropecuária,Agricultura,agxy,3
aheb3,62.002.886/0001-60,Consumo Cíclico,Viagens e Lazer,Produção de Eventos e Shows,aheb,3
alld3,20.247.322/0001-47,Consumo Cíclico,Comércio,Eletrodomésticos,alld,3
alpa4,61.079.117/0001-05,Consumo Cíclico,Tecidos. Vestuário e Calçados,Calçados,alpa,4
alpk3,60.537.263/0001-66,Bens Industriais,Serviços,Serviços Diversos,alpk,3
also3,05.878.397/0001-32,Financeiro e Outros,Exploração de Imóveis,Exploração de Imóveis,also,3
alup11,08.364.948/0001-38,Utilidade Pública,Energia Elétrica,Energia Elétrica,alup,11
amar3,61.189.288/0001-89,Consumo Cíclico,Comércio,Tecidos. Vestuário e Calçados,amar,3
ambp3,12.648.266/0001-24,Utilidade Pública,Água e Saneamento,Água e Saneamento,ambp,3
amer3,00.776.574/0001-56,Consumo Cíclico,Comércio,Produtos Diversos,amer,3
anim3,09.288.252/0001-32,Consumo Cíclico,Diversos,Serviços Educacionais,anim,3
aper3,11.721.921/0001-60,Financeiro e Outros,Previdência e Seguros,Corretoras de Seguros,aper,3
apti4,61.156.931/0001-78,Consumo não Cíclico,Agropecuária,Agricultura,apti,4
arml3,00.242.184/0001-04,Bens Industriais,Máquinas e Equipamentos,Máq. e Equip. Industriais,arml,3
arzz3,16.590.234/0001-76,Consumo Cíclico,Comércio,Tecidos. Vestuário e Calçados,arzz,3
asai3,06.057.223/0001-71,Consumo não Cíclico,Comércio e Distribuição,Alimentos,asai,3
atmp3,04.032.433/0001-80,Bens Industriais,Serviços,Serviços Diversos,atmp,3
atom3,00.359.742/0001-08,Financeiro e Outros,Outros,Outros,atom,3
aure3,28.594.234/0001-23,Utilidade Pública,Energia Elétrica,Energia Elétrica,aure,3
avll3,16.811.931/0001-00,Consumo Cíclico,Construção Civil,Incorporações,avll,3
azev4,61.351.532/0001-68,Bens Industriais,Construção e Engenharia,Construção Pesada,azev,4
azul4,09.305.994/0001-29,Bens Industriais,Transporte,Transporte Aéreo,azul,4
bahi3,45.987.245/0001-92,Consumo Cíclico,Diversos,Serviços Educacionais,bahi,3
balm4,61.374.161/0001-30,Saúde,Equipamentos,Equipamentos,balm,4
bauh4,95.426.862/0001-97,Consumo não Cíclico,Alimentos Processados,Carnes e Derivados,bauh,4
baza3,04.902.979/0001-44,Financeiro e Outros,Intermediários Financeiros,Bancos,baza,3
bbas3,00.000.000/0001-91,Financeiro e Outros,Intermediários Financeiros,Bancos,bbas,3
bbdc4,60.746.948/0001-12,Financeiro e Outros,Intermediários Financeiros,Bancos,bbdc,4
bbml3,01.107.327/0001-20,Bens Industriais,Serviços,Serviços Diversos,bbml,3
bbse3,17.344.597/0001-94,Financeiro e Outros,Previdência e Seguros,Seguradoras,bbse,3
bdll4,60.851.615/0001-53,Bens Industriais,Máquinas e Equipamentos,Máq. e Equip. Industriais,bdll,4
beef3,67.620.377/0001-14,Consumo não Cíclico,Alimentos Processados,Carnes e Derivados,beef,3
bees4,28.127.603/0001-78,Financeiro e Outros,Intermediários Financeiros,Bancos,bees,4
bfre11,02.762.113/0001-50,Financeiro e Outros,Serviços Financeiros Diversos,Gestão de Recursos e Investimentos,bfre,11
bgip4,13.009.717/0001-46,Financeiro e Outros,Intermediários Financeiros,Bancos,bgip,4
bidi11,00.416.968/0001-01,Financeiro e Outros,Intermediários Financeiros,Bancos,bidi,11
biom3,04.752.991/0001-10,Saúde,Comércio e Distribuição,Medicamentos e Outros Produtos,biom,3
bkbr3,13.574.594/0001-96,Consumo Cíclico,Hoteis e Restaurantes,Restaurante e Similares,bkbr,3
blau3,58.430.828/0001-60,Saúde,Medicamentos e Outros Produtos,Medicamentos e Outros Produtos,blau,3
blut4,60.637.238/0001-54,Financeiro e Outros,Holdings Diversificadas,Holdings Diversificadas,blut,4
bmeb4,17.184.037/0001-10,Financeiro e Outros,Intermediários Financeiros,Bancos,bmeb,4
bmgb4,61.186.680/0001-74,Financeiro e Outros,Intermediários Financeiros,Bancos,bmgb,4
bmin4,34.169.557/0001-72,Financeiro e Outros,Intermediários Financeiros,Bancos,bmin,4
bmks3,56.992.423/0001-90,Consumo Cíclico,Viagens e Lazer,Bicicletas,bmks,3
bmob3,09.042.817/0001-05,Tecnologia da Informação,Programas e Serviços,Programas e Serviços,bmob,3
bnbr3,07.237.373/0001-20,Financeiro e Outros,Intermediários Financeiros,Bancos,bnbr,3
boas3,11.725.176/0001-27,Financeiro e Outros,Serviços Financeiros Diversos,Serviços Financeiros Diversos,boas,3
bobr4,50.564.053/0001-03,Consumo não Cíclico,Produtos de Uso Pessoal e de Limpeza,Produtos de Limpeza,bobr,4
bpac11,30.306.294/0001-45,Financeiro e Outros,Intermediários Financeiros,Bancos,bpac,11
bpan4,59.285.411/0001-13,Financeiro e Outros,Intermediários Financeiros,Bancos,bpan,4
bpar3,04.913.711/0001-08,Financeiro e Outros,Intermediários Financeiros,Bancos,bpar,3
bpha3,11.395.624/0001-71,Saúde,Comércio e Distribuição,Medicamentos e Outros Produtos,bpha,3
brap4,03.847.461/0001-92,Materiais Básicos,Mineração,Minerais Metálicos,brap,4
brbi11,10.739.356/0001-03,Financeiro e Outros,Intermediários Financeiros,Bancos,brbi,11
brfs3,01.838.723/0001-27,Consumo não Cíclico,Alimentos Processados,Carnes e Derivados,brfs,3
brge11,17.193.806/0001-46,Financeiro e Outros,Previdência e Seguros,Seguradoras,brge,11
brit3,19.796.586/0001-70,Comunicações,Telecomunicações,Telecomunicações,brit,3
briv4,60.770.336/0001-65,Financeiro e Outros,Intermediários Financeiros,Bancos,briv,4
brkm3,42.150.391/0001-70,Materiais Básicos,Químicos,Petroquímicos,brkm,3
brml3,06.977.745/0001-91,Financeiro e Outros,Exploração de Imóveis,Exploração de Imóveis,brml,3
brpr3,06.977.751/0001-49,Financeiro e Outros,Exploração de Imóveis,Exploração de Imóveis,brpr,3
brqb3,36.542.025/0001-64,Tecnologia da Informação,Programas e Serviços,Programas e Serviços,brqb,3
brsr3,92.702.067/0001-96,Financeiro e Outros,Intermediários Financeiros,Bancos,brsr,3
bsev3,15.527.906/0001-36,Consumo não Cíclico,Alimentos Processados,Açucar e Alcool,bsev,3
bsli4,00.000.208/0001-00,Financeiro e Outros,Intermediários Financeiros,Bancos,bsli,4
bttl4,42.331.462/0001-31,Financeiro e Outros,Holdings Diversificadas,Holdings Diversificadas,bttl,4
cali4,61.022.042/0001-18,Consumo Cíclico,Construção Civil,Incorporações,cali,4
camb4,61.088.894/0001-08,Consumo Cíclico,Tecidos. Vestuário e Calçados,Calçados,camb,4
caml3,64.904.295/0001-03,Consumo não Cíclico,Alimentos Processados,Alimentos Diversos,caml,3
cash3,14.110.585/0001-07,Tecnologia da Informação,Programas e Serviços,Programas e Serviços,cash,3
casn4,82.508.433/0001-17,Utilidade Pública,Água e Saneamento,Água e Saneamento,casn,4
cata4,19.526.748/0001-50,Consumo Cíclico,Tecidos. Vestuário e Calçados,Fios e Tecidos,cata,4
cbav3,61.409.892/0001-73,Materiais Básicos,Mineração,Minerais Metálicos,cbav,3
cbee3,33.050.071/0001-58,Utilidade Pública,Energia Elétrica,Energia Elétrica,cbee,3
ccro3,02.846.056/0001-97,Bens Industriais,Transporte,Exploração de Rodovias,ccro,3
ccxc3,07.950.674/0001-04,Financeiro e Outros,Outros,Outros,ccxc,3
ceab3,45.242.914/0001-05,Consumo Cíclico,Comércio,Tecidos. Vestuário e Calçados,ceab,3
cebr3,00.070.698/0001-11,Utilidade Pública,Energia Elétrica,Energia Elétrica,cebr,3
cedo4,17.245.234/0001-00,Consumo Cíclico,Tecidos. Vestuário e Calçados,Fios e Tecidos,cedo,4
ceeb3,15.139.629/0001-94,Utilidade Pública,Energia Elétrica,Energia Elétrica,ceeb,3
ceed4,08.467.115/0001-00,Utilidade Pública,Energia Elétrica,Energia Elétrica,ceed,4
cegr3,33.938.119/0001-69,Utilidade Pública,Gás,Gás,cegr,3
cepe3,10.835.932/0001-08,Utilidade Pública,Energia Elétrica,Energia Elétrica,cepe,3
cesp3,60.933.603/0001-78,Utilidade Pública,Energia Elétrica,Energia Elétrica,cesp,3
cgas3,61.856.571/0001-17,Utilidade Pública,Gás,Gás,cgas,3
cgra4,92.012.467/0001-70,Consumo Cíclico,Comércio,Tecidos. Vestuário e Calçados,cgra,4
ciel3,01.027.058/0001-91,Financeiro e Outros,Serviços Financeiros Diversos,Serviços Financeiros Diversos,ciel,3
clsa3,03.802.115/0001-98,Tecnologia da Informação,Programas e Serviços,Programas e Serviços,clsa,3
clsc4,83.878.892/0001-55,Utilidade Pública,Energia Elétrica,Energia Elétrica,clsc,4
cmig4,17.155.730/0001-64,Utilidade Pública,Energia Elétrica,Energia Elétrica,cmig,4
cmin3,08.902.291/0001-15,Materiais Básicos,Mineração,Minerais Metálicos,cmin,3
cmsa4,00.272.185/0001-93,Financeiro e Outros,Outros,Outros,cmsa,4
cnsy3,07.437.016/0001-05,Consumo Cíclico,Mídia,Produção e Difusão de Filmes e Programas,cnsy,3
coce3,07.047.251/0001-70,Utilidade Pública,Energia Elétrica,Energia Elétrica,coce,3
cogn3,02.800.026/0001-40,Consumo Cíclico,Diversos,Serviços Educacionais,cogn,3
corr4,15.101.405/0001-93,Financeiro e Outros,Exploração de Imóveis,Exploração de Imóveis,corr,4
cpfe3,02.429.144/0001-93,Utilidade Pública,Energia Elétrica,Energia Elétrica,cpfe,3
cple11,76.483.817/0001-20,Utilidade Pública,Energia Elétrica,Energia Elétrica,cple,11
cpre3,08.439.659/0001-50,Utilidade Pública,Energia Elétrica,Energia Elétrica,cpre,3
crde3,07.820.907/0001-46,Consumo Cíclico,Construção Civil,Incorporações,crde,3
crem3,82.641.325/0001-18,Saúde,Comércio e Distribuição,Medicamentos e Outros Produtos,crem,3
crfb3,75.315.333/0001-09,Consumo não Cíclico,Comércio e Distribuição,Alimentos,crfb,3
criv4,17.167.412/0001-13,Financeiro e Outros,Intermediários Financeiros,Soc. Crédito e Financiamento,criv,4
crpg3,15.115.504/0001-24,Materiais Básicos,Químicos,Químicos Diversos,crpg,3
csab4,15.144.017/0001-90,Financeiro e Outros,Previdência e Seguros,Seguradoras,csab,4
csan3,50.746.577/0001-15,Petróleo. Gás e Biocombustíveis,Petróleo. Gás e Biocombustíveis,Exploração. Refino e Distribuição,csan,3
csed3,62.984.091/0001-02,Consumo Cíclico,Diversos,Serviços Educacionais,csed,3
csmg3,17.281.106/0001-03,Utilidade Pública,Água e Saneamento,Água e Saneamento,csmg,3
csna3,33.042.730/0001-04,Materiais Básicos,Siderurgia e Metalurgia,Siderurgia,csna,3
csrn3,08.324.196/0001-81,Utilidade Pública,Energia Elétrica,Energia Elétrica,csrn,3
csud3,01.896.779/0001-38,Bens Industriais,Serviços,Serviços Diversos,csud,3
ctca3,06.981.381/0001-13,Consumo não Cíclico,Agropecuária,Agricultura,ctca,3
ctka4,82.640.558/0001-04,Consumo Cíclico,Tecidos. Vestuário e Calçados,Fios e Tecidos,ctka,4
ctnm4,22.677.520/0001-76,Consumo Cíclico,Tecidos. Vestuário e Calçados,Fios e Tecidos,ctnm,4
ctsa4,21.255.567/0001-89,Consumo Cíclico,Tecidos. Vestuário e Calçados,Fios e Tecidos,ctsa,4
cury3,08.797.760/0001-83,Consumo Cíclico,Construção Civil,Incorporações,cury,3
cvcb3,10.760.260/0001-19,Consumo Cíclico,Viagens e Lazer,Viagens e Turismo,cvcb,3
cxse3,22.543.331/0001-00,Financeiro e Outros,Previdência e Seguros,Corretoras de Seguros,cxse,3
cyre3,73.178.600/0001-18,Consumo Cíclico,Construção Civil,Incorporações,cyre,3
dasa3,61.486.650/0001-83,Saúde,Serv.Méd.Hospit..Análises e Diagnósticos,Serv.Méd.Hospit..Análises e Diagnósticos,dasa,3
desk3,08.170.849/0001-15,Comunicações,Telecomunicações,Telecomunicações,desk,3
dexp4,02.193.750/0001-52,Materiais Básicos,Químicos,Petroquímicos,dexp,4
dirr3,16.614.075/0001-00,Consumo Cíclico,Construção Civil,Incorporações,dirr,3
dmmo3,08.926.302/0001-05,Petróleo. Gás e Biocombustíveis,Petróleo. Gás e Biocombustíveis,Exploração. Refino e Distribuição,dmmo,3
dmvf3,12.108.897/0001-50,Saúde,Comércio e Distribuição,Medicamentos e Outros Produtos,dmvf,3
dohl4,84.683.408/0001-03,Consumo Cíclico,Tecidos. Vestuário e Calçados,Fios e Tecidos,dohl,4
dotz3,10.221.279/0001-97,Tecnologia da Informação,Programas e Serviços,Programas e Serviços,dotz,3
dtcy4,03.303.999/0001-36,Bens Industriais,Serviços,Serviços Diversos,dtcy,4
dxco3,97.837.181/0001-47,Materiais Básicos,Madeira e Papel,Madeira,dxco,3
ealt4,82.643.537/0001-34,Bens Industriais,Máquinas e Equipamentos,Máq. e Equip. Industriais,ealt,4
ecor3,04.149.454/0001-80,Bens Industriais,Transporte,Exploração de Rodovias,ecor,3
ecpr4,01.971.614/0001-83,Consumo Cíclico,Tecidos. Vestuário e Calçados,Fios e Tecidos,ecpr,4
eeel4,92.715.812/0001-31,Utilidade Pública,Energia Elétrica,Energia Elétrica,eeel,4
egie3,02.474.103/0001-19,Utilidade Pública,Energia Elétrica,Energia Elétrica,egie,3
ektr4,02.328.280/0001-97,Utilidade Pública,Energia Elétrica,Energia Elétrica,ektr,4
elek4,13.788.120/0001-47,Materiais Básicos,Químicos,Petroquímicos,elek,4
elet3,00.001.180/0001-26,Utilidade Pública,Energia Elétrica,Energia Elétrica,elet,3
elmd3,09.347.516/0001-81,Comunicações,Mídia,Publicidade,elmd,3
elpl3,61.695.227/0001-93,Utilidade Pública,Energia Elétrica,Energia Elétrica,elpl,3
emae4,02.302.101/0001-42,Utilidade Pública,Energia Elétrica,Energia Elétrica,emae,4
embr3,07.689.002/0001-89,Bens Industriais,Material de Transporte,Material Aeronáutico e de Defesa,embr,3
enat3,11.669.021/0001-10,Petróleo. Gás e Biocombustíveis,Petróleo. Gás e Biocombustíveis,Exploração. Refino e Distribuição,enat,3
enbr3,03.983.431/0001-03,Utilidade Pública,Energia Elétrica,Energia Elétrica,enbr,3
enev3,04.423.567/0001-21,Utilidade Pública,Energia Elétrica,Energia Elétrica,enev,3
engi11,00.864.214/0001-06,Utilidade Pública,Energia Elétrica,Energia Elétrica,engi,11
enju3,16.922.038/0001-51,Tecnologia da Informação,Programas e Serviços,Programas e Serviços,enju,3
enmt4,03.467.321/0001-99,Utilidade Pública,Energia Elétrica,Energia Elétrica,enmt,4
epar3,42.331.462/0001-31,Financeiro e Outros,Holdings Diversificadas,Holdings Diversificadas,epar,3
eqpa3,04.895.728/0001-80,Utilidade Pública,Energia Elétrica,Energia Elétrica,eqpa,3
eqtl3,03.220.438/0001-73,Utilidade Pública,Energia Elétrica,Energia Elétrica,eqtl,3
espa3,26.659.061/0001-59,Consumo não Cíclico,Produtos de Uso Pessoal e de Limpeza,Produtos de Uso Pessoal,espa,3
estr4,61.082.004/0001-50,Consumo Cíclico,Viagens e Lazer,Brinquedos e Jogos,estr,4
eter3,61.092.037/0001-81,Bens Industriais,Construção e Engenharia,Produtos para Construção,eter,3
euca4,56.643.018/0001-66,Materiais Básicos,Madeira e Papel,Madeira,euca,4
even3,43.470.988/0001-65,Consumo Cíclico,Construção Civil,Incorporações,even,3
eztc3,08.312.229/0001-73,Consumo Cíclico,Construção Civil,Incorporações,eztc,3
fbmc4,61.410.395/0001-95,Materiais Básicos,Siderurgia e Metalurgia,Artefatos de Ferro e Aço,fbmc,4
fesa4,15.141.799/0001-03,Materiais Básicos,Siderurgia e Metalurgia,Siderurgia,fesa,4
fher3,22.266.175/0001-88,Materiais Básicos,Químicos,Fertilizantes e Defensivos,fher,3
fige4,01.548.981/0001-79,Financeiro e Outros,Outros,Outros,fige,4
fiqe3,02.255.187/0001-08,Comunicações,Telecomunicações,Telecomunicações,fiqe,3
flex3,10.851.805/0001-00,Bens Industriais,Serviços,Serviços Diversos,flex,3
flry3,60.840.055/0001-31,Saúde,Serv.Méd.Hospit..Análises e Diagnósticos,Serv.Méd.Hospit..Análises e Diagnósticos,flry,3
fncn3,91.669.747/0001-92,Financeiro e Outros,Intermediários Financeiros,Soc. Crédito e Financiamento,fncn,3
fras3,88.610.126/0001-29,Bens Industriais,Material de Transporte,Material Rodoviário,fras,3
frio3,04.821.041/0001-08,Bens Industriais,Máquinas e Equipamentos,Máq. e Equip. Industriais,frio,3
frta3,86.550.951/0001-50,Consumo não Cíclico,Agropecuária,Agricultura,frta,3
gepa4,02.998.301/0001-81,Utilidade Pública,Energia Elétrica,Energia Elétrica,gepa,4
gett11,10.440.482/0001-54,Financeiro e Outros,Serviços Financeiros Diversos,Serviços Financeiros Diversos,gett,11
gfsa3,01.545.826/0001-07,Consumo Cíclico,Construção Civil,Incorporações,gfsa,3
ggbr4,33.611.500/0001-19,Materiais Básicos,Siderurgia e Metalurgia,Siderurgia,ggbr,4
ggps3,09.229.201/0001-30,Bens Industriais,Transporte,Logística,ggps,3
gmat3,24.990.777/0001-09,Consumo não Cíclico,Comércio e Distribuição,Alimentos,gmat,3
gndi3,19.853.511/0001-84,Saúde,Serv.Méd.Hospit..Análises e Diagnósticos,Serv.Méd.Hospit..Análises e Diagnósticos,gndi,3
goau4,92.690.783/0001-09,Materiais Básicos,Siderurgia e Metalurgia,Siderurgia,goau,4
goll4,06.164.253/0001-87,Bens Industriais,Transporte,Transporte Aéreo,goll,4
gpar3,08.560.444/0001-93,Utilidade Pública,Energia Elétrica,Energia Elétrica,gpar,3
grao3,18.483.666/0001-03,Consumo não Cíclico,Agropecuária,Agricultura,grao,3
grnd3,89.850.341/0001-60,Consumo Cíclico,Tecidos. Vestuário e Calçados,Calçados,grnd,3
gshp3,08.764.621/0001-53,Financeiro e Outros,Exploração de Imóveis,Exploração de Imóveis,gshp,3
guar3,08.402.943/0001-52,Consumo Cíclico,Comércio,Tecidos. Vestuário e Calçados,guar,3
haga4,30.540.991/0001-66,Bens Industriais,Construção e Engenharia,Produtos para Construção,haga,4
hapv3,05.197.443/0001-38,Saúde,Serv.Méd.Hospit..Análises e Diagnósticos,Serv.Méd.Hospit..Análises e Diagnósticos,hapv,3
hbor3,49.263.189/0001-02,Consumo Cíclico,Construção Civil,Incorporações,hbor,3
hbre3,14.785.152/0001-51,Financeiro e Outros,Exploração de Imóveis,Exploração de Imóveis,hbre,3
hbsa3,12.648.327/0001-53,Bens Industriais,Transporte,Transporte Hidroviário,hbsa,3
heta4,92.749.225/0001-63,Consumo Cíclico,Utilidades Domésticas,Utensílios Domésticos,heta,4
hgtx3,78.876.950/0001-71,Consumo Cíclico,Tecidos. Vestuário e Calçados,Vestuário,hgtx,3
hoot4,33.200.049/0001-47,Consumo Cíclico,Hoteis e Restaurantes,Hotelaria,hoot,4
hype3,02.932.074/0001-91,Saúde,Comércio e Distribuição,Medicamentos e Outros Produtos,hype,3
idvl4,61.024.352/0001-71,Financeiro e Outros,Intermediários Financeiros,Bancos,idvl,4
ifcm3,38.456.921/0001-36,Tecnologia da Informação,Programas e Serviços,Programas e Serviços,ifcm,3
igbr3,43.185.362/0001-07,Financeiro e Outros,Exploração de Imóveis,Exploração de Imóveis,igbr,3
igsn3,08.159.965/0001-33,Utilidade Pública,Água e Saneamento,Água e Saneamento,igsn,3
igta3,51.218.147/0001-93,Financeiro e Outros,Exploração de Imóveis,Exploração de Imóveis,igta,3
igti11,60.543.816/0001-93,Financeiro e Outros,Exploração de Imóveis,Exploração de Imóveis,igti,11
inep4,76.627.504/0001-06,Bens Industriais,Máquinas e Equipamentos,Máq. e Equip. Industriais,inep,4
innt3,09.611.768/0001-76,Consumo Cíclico,Construção Civil,Incorporações,innt,3
intb3,82.901.000/0001-27,Tecnologia da Informação,Computadores e Equipamentos,Computadores e Equipamentos,intb,3
irbr3,33.376.989/0001-91,Financeiro e Outros,Previdência e Seguros,Seguradoras,irbr,3
itec3,54.526.082/0001-31,Tecnologia da Informação,Computadores e Equipamentos,Computadores e Equipamentos,itec,3
itsa4,61.532.644/0001-15,Financeiro e Outros,Intermediários Financeiros,Bancos,itsa,4
itub4,60.872.504/0001-23,Financeiro e Outros,Intermediários Financeiros,Bancos,itub,4
jall3,02.635.522/0001-95,Consumo não Cíclico,Alimentos Processados,Açucar e Alcool,jall,3
jbss3,02.916.265/0001-60,Consumo não Cíclico,Alimentos Processados,Carnes e Derivados,jbss,3
jfen3,33.035.536/0001-00,Consumo Cíclico,Construção Civil,Incorporações,jfen,3
jhsf3,08.294.224/0001-65,Consumo Cíclico,Construção Civil,Incorporações,jhsf,3
jopa4,87.456.562/0001-22,Consumo não Cíclico,Alimentos Processados,Alimentos Diversos,jopa,4
jslg3,52.548.435/0001-79,Bens Industriais,Transporte,Transporte Rodoviário,jslg,3
kepl3,91.983.056/0001-69,Bens Industriais,Máquinas e Equipamentos,Máq. e Equip. Industriais,kepl,3
klbn11,89.637.490/0001-45,Materiais Básicos,Madeira e Papel,Papel e Celulose,klbn,11
krsa3,13.270.520/0001-66,Saúde,Serv.Méd.Hospit..Análises e Diagnósticos,Serv.Méd.Hospit..Análises e Diagnósticos,krsa,3
lame4,33.014.556/0001-96,Consumo Cíclico,Comércio,Produtos Diversos,lame,4
land3,40.337.136/0001-06,Consumo não Cíclico,Agropecuária,Agricultura,land,3
lavv3,26.462.693/0001-28,Consumo Cíclico,Construção Civil,Incorporações,lavv,3
lcam3,10.215.988/0001-60,Consumo Cíclico,Diversos,Aluguel de carros,lcam,3
leve3,60.476.884/0001-87,Consumo Cíclico,Automóveis e Motocicletas,Automóveis e Motocicletas,leve,3
lher4,82.640.632/0001-84,Financeiro e Outros,Exploração de Imóveis,Exploração de Imóveis,lher,4
ligt3,03.378.521/0001-75,Utilidade Pública,Energia Elétrica,Energia Elétrica,ligt,3
linx3,06.948.969/0001-75,Tecnologia da Informação,Programas e Serviços,Programas e Serviços,linx,3
lipr3,01.104.937/0001-70,Utilidade Pública,Energia Elétrica,Energia Elétrica,lipr,3
ljqq3,96.418.264/0218-02,Consumo Cíclico,Comércio,Produtos Diversos,ljqq,3
llis3,49.669.856/0001-43,Consumo Cíclico,Comércio,Tecidos. Vestuário e Calçados,llis,3
logg3,09.041.168/0001-10,Financeiro e Outros,Exploração de Imóveis,Exploração de Imóveis,logg,3
logn3,42.278.291/0001-24,Bens Industriais,Transporte,Transporte Hidroviário,logn,3
lpsb3,08.078.847/0001-09,Financeiro e Outros,Exploração de Imóveis,Intermediação Imobiliária,lpsb,3
lren3,92.754.738/0001-62,Consumo Cíclico,Comércio,Tecidos. Vestuário e Calçados,lren,3
lupa3,89.463.822/0001-12,Petróleo. Gás e Biocombustíveis,Petróleo. Gás e Biocombustíveis,Equipamentos e Serviços,lupa,3
luxm4,92.660.570/0001-26,Bens Industriais,Transporte,Transporte Hidroviário,luxm,4
lvtc3,05.917.486/0001-40,Tecnologia da Informação,Programas e Serviços,Programas e Serviços,lvtc,3
lwsa3,02.351.877/0001-52,Tecnologia da Informação,Programas e Serviços,Programas e Serviços,lwsa,3
mapt4,93.828.986/0001-73,Financeiro e Outros,Outros,Outros,mapt,4
matd3,16.676.520/0001-59,Saúde,Serv.Méd.Hospit..Análises e Diagnósticos,Serv.Méd.Hospit..Análises e Diagnósticos,matd,3
mbly3,31.553.627/0001-01,Consumo Cíclico,Comércio,Produtos Diversos,mbly,3
mdia3,07.206.816/0001-15,Consumo não Cíclico,Alimentos Processados,Alimentos Diversos,mdia,3
mdne3,12.049.631/0001-84,Consumo Cíclico,Construção Civil,Incorporações,mdne,3
meal3,17.314.329/0001-20,Consumo Cíclico,Hoteis e Restaurantes,Restaurante e Similares,meal,3
mega3,42.500.384/0001-51,Utilidade Pública,Energia Elétrica,Energia Elétrica,mega,3
melk3,12.181.987/0001-77,Consumo Cíclico,Construção Civil,Incorporações,melk,3
merc4,33.040.601/0001-87,Financeiro e Outros,Intermediários Financeiros,Soc. Crédito e Financiamento,merc,4
mgel4,61.065.298/0001-02,Materiais Básicos,Siderurgia e Metalurgia,Artefatos de Ferro e Aço,mgel,4
mglu3,47.960.950/0001-21,Consumo Cíclico,Comércio,Eletrodomésticos,mglu,3
mils3,27.093.558/0001-15,Bens Industriais,Serviços,Serviços Diversos,mils,3
mlas3,59.717.553/0001-02,Tecnologia da Informação,Computadores e Equipamentos,Computadores e Equipamentos,mlas,3
mmxm3,02.762.115/0001-49,Materiais Básicos,Mineração,Minerais Metálicos,mmxm,3
mndl3,88.610.191/0001-54,Consumo Cíclico,Tecidos. Vestuário e Calçados,Acessórios,mndl,3
mnpr3,90.076.886/0001-40,Consumo não Cíclico,Alimentos Processados,Carnes e Derivados,mnpr,3
moar3,33.102.476/0001-92,Financeiro e Outros,Holdings Diversificadas,Holdings Diversificadas,moar,3
modl11,30.723.886/0001-62,Financeiro e Outros,Intermediários Financeiros,Bancos,modl,11
mosi3,09.083.175/0001-84,Tecnologia da Informação,Programas e Serviços,Programas e Serviços,mosi,3
movi3,21.314.559/0001-66,Consumo Cíclico,Diversos,Aluguel de carros,movi,3
mrfg3,03.853.896/0001-40,Consumo não Cíclico,Alimentos Processados,Carnes e Derivados,mrfg,3
mrve3,08.343.492/0001-20,Consumo Cíclico,Construção Civil,Incorporações,mrve,3
mspa4,60.730.348/0001-66,Consumo Cíclico,Mídia,Jornais. Livros e Revistas,mspa,4
msro3,08.795.211/0001-70,Consumo Cíclico,Diversos,Aluguel de carros,msro,3
mtig4,80.227.184/0001-66,Materiais Básicos,Embalagens,Embalagens,mtig,4
mtre3,07.882.930/0001-65,Consumo Cíclico,Construção Civil,Incorporações,mtre,3
mtsa4,86.375.425/0001-09,Bens Industriais,Máquinas e Equipamentos,Máq. e Equip. Construção e Agrícolas,mtsa,4
mult3,07.816.890/0001-53,Financeiro e Outros,Exploração de Imóveis,Exploração de Imóveis,mult,3
mwet4,84.683.671/0001-94,Bens Industriais,Material de Transporte,Material Rodoviário,mwet,4
mypk3,61.156.113/0001-75,Consumo Cíclico,Automóveis e Motocicletas,Automóveis e Motocicletas,mypk,3
nafg4,61.067.161/0001-97,Consumo Cíclico,Utilidades Domésticas,Utensílios Domésticos,nafg,4
nemo3,60.651.809/0001-05,Materiais Básicos,Madeira e Papel,Papel e Celulose,nemo,3
neoe3,01.083.200/0001-18,Utilidade Pública,Energia Elétrica,Energia Elétrica,neoe,3
nexp3,08.613.550/0001-98,Financeiro e Outros,Exploração de Imóveis,Intermediação Imobiliária,nexp,3
ngrd3,10.139.870/0001-08,Tecnologia da Informação,Programas e Serviços,Programas e Serviços,ngrd,3
ninj3,14.127.813/0001-51,Tecnologia da Informação,Programas e Serviços,Programas e Serviços,ninj,3
nord3,60.884.319/0001-59,Bens Industriais,Máquinas e Equipamentos,Máq. e Equip. Industriais,nord,3
nrtq3,29.950.060/0001-57,Saúde,Medicamentos e Outros Produtos,Medicamentos e Outros Produtos,nrtq,3
ntco3,32.785.497/0001-97,Consumo não Cíclico,Produtos de Uso Pessoal e de Limpeza,Produtos de Uso Pessoal,ntco,3
nutr3,51.128.999/0001-90,Materiais Básicos,Químicos,Fertilizantes e Defensivos,nutr,3
oder4,97.191.902/0001-94,Consumo não Cíclico,Alimentos Processados,Alimentos Diversos,oder,4
odpv3,58.119.199/0001-51,Saúde,Serv.Méd.Hospit..Análises e Diagnósticos,Serv.Méd.Hospit..Análises e Diagnósticos,odpv,3
ofsa3,20.258.278/0001-70,Saúde,Comércio e Distribuição,Medicamentos e Outros Produtos,ofsa,3
ogxp3,07.957.093/0001-96,Petróleo. Gás e Biocombustíveis,Petróleo. Gás e Biocombustíveis,Exploração. Refino e Distribuição,ogxp,3
oibr4,76.535.764/0001-43,Comunicações,Telecomunicações,Telecomunicações,oibr,4
omge3,09.149.503/0001-06,Utilidade Pública,Energia Elétrica,Energia Elétrica,omge,3
onco3,12.104.241/0004-02,Saúde,Serv.Méd.Hospit..Análises e Diagnósticos,Serv.Méd.Hospit..Análises e Diagnósticos,onco,3
opct3,09.114.805/0001-30,Bens Industriais,Transporte,Transporte Hidroviário,opct,3
orvr3,11.421.994/0001-36,Utilidade Pública,Água e Saneamento,Água e Saneamento,orvr,3
osxb3,09.112.685/0001-32,Petróleo. Gás e Biocombustíveis,Petróleo. Gás e Biocombustíveis,Equipamentos e Serviços,osxb,3
pard3,19.378.769/0001-76,Saúde,Serv.Méd.Hospit..Análises e Diagnósticos,Serv.Méd.Hospit..Análises e Diagnósticos,pard,3
pati4,92.693.019/0001-89,Materiais Básicos,Siderurgia e Metalurgia,Artefatos de Ferro e Aço,pati,4
pcar4,47.508.411/0001-56,Consumo não Cíclico,Comércio e Distribuição,Alimentos,pcar,4
pdgr3,02.950.811/0001-89,Consumo Cíclico,Construção Civil,Incorporações,pdgr,3
pdtc3,02.365.069/0001-44,Financeiro e Outros,Serviços Financeiros Diversos,Serviços Financeiros Diversos,pdtc,3
peab4,01.938.783/0001-11,Financeiro e Outros,Holdings Diversificadas,Holdings Diversificadas,peab,4
petr4,33.000.167/0001-01,Petróleo. Gás e Biocombustíveis,Petróleo. Gás e Biocombustíveis,Exploração. Refino e Distribuição,petr,4
petz3,18.328.118/0001-09,Consumo Cíclico,Comércio,Produtos Diversos,petz,3
pfrm3,45.453.214/0001-51,Saúde,Comércio e Distribuição,Medicamentos e Outros Produtos,pfrm,3
pgmn3,06.626.253/0001-51,Saúde,Comércio e Distribuição,Medicamentos e Outros Produtos,pgmn,3
pine4,62.144.175/0001-20,Financeiro e Outros,Intermediários Financeiros,Bancos,pine,4
plas3,51.928.174/0001-50,Consumo Cíclico,Automóveis e Motocicletas,Automóveis e Motocicletas,plas,3
plpl3,24.230.275/0001-80,Consumo Cíclico,Construção Civil,Incorporações,plpl,3
pmam3,60.398.369/0004-79,Materiais Básicos,Siderurgia e Metalurgia,Artefatos de Cobre,pmam,3
pnvl4,92.665.611/0001-77,Saúde,Comércio e Distribuição,Medicamentos e Outros Produtos,pnvl,4
pomo4,88.611.835/0001-29,Bens Industriais,Material de Transporte,Material Rodoviário,pomo,4
port3,33.130.691/0001-05,Bens Industriais,Transporte,Serviços de Apoio e Armazenagem,port,3
posi3,81.243.735/0001-48,Tecnologia da Informação,Computadores e Equipamentos,Computadores e Equipamentos,posi,3
powe3,26.735.020/0001-02,Utilidade Pública,Energia Elétrica,Energia Elétrica,powe,3
ppar3,59.789.545/0001-71,Financeiro e Outros,Outros,Outros,ppar,3
ppla11,15.073.274/0001-88,Financeiro e Outros,Serviços Financeiros Diversos,Gestão de Recursos e Investimentos,ppla,11
prio3,10.629.105/0001-68,Petróleo. Gás e Biocombustíveis,Petróleo. Gás e Biocombustíveis,Exploração. Refino e Distribuição,prio,3
prnr3,18.593.815/0001-97,Bens Industriais,Serviços,Serviços Diversos,prnr,3
pssa3,02.149.205/0001-69,Financeiro e Outros,Previdência e Seguros,Seguradoras,pssa,3
ptbl3,83.475.913/0001-91,Bens Industriais,Construção e Engenharia,Produtos para Construção,ptbl,3
ptca11,08.574.411/0001-00,Bens Industriais,Máquinas e Equipamentos,Máq. e Equip. Industriais,ptca,11
ptnt4,88.613.658/0001-10,Consumo Cíclico,Tecidos. Vestuário e Calçados,Fios e Tecidos,ptnt,4
qual3,11.992.680/0001-93,Saúde,Serv.Méd.Hospit..Análises e Diagnósticos,Serv.Méd.Hospit..Análises e Diagnósticos,qual,3
qusw3,35.791.391/0001-94,Tecnologia da Informação,Programas e Serviços,Programas e Serviços,qusw,3
radl3,61.585.865/0001-51,Saúde,Comércio e Distribuição,Medicamentos e Outros Produtos,radl,3
rail3,02.387.241/0001-60,Bens Industriais,Transporte,Transporte Ferroviário,rail,3
raiz4,33.453.598/0001-23,Petróleo. Gás e Biocombustíveis,Petróleo. Gás e Biocombustíveis,Exploração. Refino e Distribuição,raiz,4
rani4,92.791.243/0001-03,Materiais Básicos,Embalagens,Embalagens,rani,4
rapt4,89.086.144/0001-16,Bens Industriais,Material de Transporte,Material Rodoviário,rapt,4
rcsl4,91.333.666/0001-17,Bens Industriais,Material de Transporte,Material Rodoviário,rcsl,4
rdni3,67.010.660/0001-24,Consumo Cíclico,Construção Civil,Incorporações,rdni,3
rdor3,06.047.087/0001-39,Saúde,Serv.Méd.Hospit..Análises e Diagnósticos,Serv.Méd.Hospit..Análises e Diagnósticos,rdor,3
recv3,03.342.704/0001-30,Petróleo. Gás e Biocombustíveis,Petróleo. Gás e Biocombustíveis,Exploração. Refino e Distribuição,recv,3
rede3,61.584.140/0001-49,Utilidade Pública,Energia Elétrica,Energia Elétrica,rede,3
rent3,16.670.085/0001-55,Consumo Cíclico,Diversos,Aluguel de carros,rent,3
rlog3,17.346.997/0001-39,Bens Industriais,Transporte,Transporte Ferroviário,rlog,3
rnew11,08.534.605/0001-74,Utilidade Pública,Energia Elétrica,Energia Elétrica,rnew,11
romi3,56.720.428/0001-63,Bens Industriais,Máquinas e Equipamentos,Máq. e Equip. Industriais,romi,3
rpad3,17.167.396/0001-69,Financeiro e Outros,Intermediários Financeiros,Bancos,rpad,3
rpmg3,33.412.081/0001-96,Petróleo. Gás e Biocombustíveis,Petróleo. Gás e Biocombustíveis,Exploração. Refino e Distribuição,rpmg,3
rrrp3,12.091.809/0001-55,Petróleo. Gás e Biocombustíveis,Petróleo. Gás e Biocombustíveis,Exploração. Refino e Distribuição,rrrp,3
rsid3,61.065.751/0001-80,Consumo Cíclico,Construção Civil,Incorporações,rsid,3
rsul4,85.778.074/0001-06,Bens Industriais,Material de Transporte,Material Rodoviário,rsul,4
sanb11,90.400.888/0001-42,Financeiro e Outros,Intermediários Financeiros,Bancos,sanb,11
sapr11,76.484.013/0001-45,Utilidade Pública,Água e Saneamento,Água e Saneamento,sapr,11
sbfg3,13.217.485/0001-11,Consumo Cíclico,Comércio,Produtos Diversos,sbfg,3
sbsp3,43.776.517/0001-80,Utilidade Pública,Água e Saneamento,Água e Saneamento,sbsp,3
scar3,29.780.061/0001-09,Financeiro e Outros,Exploração de Imóveis,Exploração de Imóveis,scar,3
sedu3,02.541.982/0001-54,Consumo Cíclico,Diversos,Serviços Educacionais,sedu,3
seer3,04.986.320/0001-13,Consumo Cíclico,Diversos,Serviços Educacionais,seer,3
seql3,01.599.101/0001-93,Bens Industriais,Transporte,Logística,seql,3
sgps3,07.718.269/0001-57,Consumo Cíclico,Tecidos. Vestuário e Calçados,Fios e Tecidos,sgps,3
show3,02.860.694/0001-62,Consumo Cíclico,Viagens e Lazer,Produção de Eventos e Shows,show,3
shul4,84.693.183/0001-68,Bens Industriais,Máquinas e Equipamentos,Motores . Compressores e Outros,shul,4
simh3,07.415.333/0001-20,Financeiro e Outros,Holdings Diversificadas,Holdings Diversificadas,simh,3
slce3,89.096.457/0001-55,Consumo não Cíclico,Agropecuária,Agricultura,slce,3
sled4,60.500.139/0001-26,Consumo Cíclico,Comércio,Produtos Diversos,sled,4
smft3,07.594.978/0001-78,Consumo Cíclico,Viagens e Lazer,Atividades Esportivas,smft,3
smls3,05.730.375/0001-20,Consumo Cíclico,Diversos,Programas de Fidelização,smls,3
smto3,51.466.860/0001-56,Consumo não Cíclico,Alimentos Processados,Açucar e Alcool,smto,3
snsy3,14.807.945/0001-24,Materiais Básicos,Materiais Diversos,Materiais Diversos,snsy,3
soja3,10.807.374/0001-77,Consumo não Cíclico,Agropecuária,Agricultura,soja,3
soma3,10.285.590/0001-08,Consumo Cíclico,Comércio,Tecidos. Vestuário e Calçados,soma,3
sond3,33.386.210/0001-19,Bens Industriais,Construção e Engenharia,Engenharia Consultiva,sond,3
sqia3,04.065.791/0001-99,Tecnologia da Informação,Programas e Serviços,Programas e Serviços,sqia,3
stbp3,02.762.121/0001-04,Bens Industriais,Transporte,Serviços de Apoio e Armazenagem,stbp,3
stkf3,00.622.416/0001-41,Consumo Cíclico,Viagens e Lazer,Atividades Esportivas,stkf,3
sttr3,91.495.499/0001-00,Bens Industriais,Máquinas e Equipamentos,Máq. e Equip. Construção e Agrícolas,sttr,3
sula11,29.978.814/0001-87,Financeiro e Outros,Previdência e Seguros,Seguradoras,sula,11
suzb3,16.404.287/0001-55,Materiais Básicos,Madeira e Papel,Papel e Celulose,suzb,3
syne3,08.801.621/0001-86,Financeiro e Outros,Exploração de Imóveis,Exploração de Imóveis,syne,3
taee11,07.859.971/0001-30,Utilidade Pública,Energia Elétrica,Energia Elétrica,taee,11
tasa4,92.781.335/0001-02,Bens Industriais,Máquinas e Equipamentos,Armas e Munições,tasa,4
tcno4,33.111.246/0001-90,Bens Industriais,Construção e Engenharia,Engenharia Consultiva,tcno,4
tcsa3,08.065.557/0001-12,Consumo Cíclico,Construção Civil,Incorporações,tcsa,3
tecn3,09.295.063/0001-97,Consumo Cíclico,Tecidos. Vestuário e Calçados,Acessórios,tecn,3
teka4,82.636.986/0001-55,Consumo Cíclico,Tecidos. Vestuário e Calçados,Fios e Tecidos,teka,4
telb4,00.336.701/0001-04,Comunicações,Telecomunicações,Telecomunicações,telb,4
tend3,71.476.527/0001-35,Consumo Cíclico,Construção Civil,Incorporações,tend,3
tesa3,05.799.312/0001-20,Consumo não Cíclico,Agropecuária,Agricultura,tesa,3
tfco4,59.418.806/0001-47,Consumo Cíclico,Comércio,Tecidos. Vestuário e Calçados,tfco,4
tgma3,02.351.144/0001-18,Bens Industriais,Transporte,Transporte Rodoviário,tgma,3
tiet11,04.128.563/0001-10,Utilidade Pública,Energia Elétrica,Energia Elétrica,tiet,11
tims3,02.421.421/0001-11,Comunicações,Telecomunicações,Telecomunicações,tims,3
tkno4,33.467.572/0001-34,Materiais Básicos,Siderurgia e Metalurgia,Artefatos de Ferro e Aço,tkno,4
tots3,53.113.791/0001-22,Tecnologia da Informação,Programas e Serviços,Programas e Serviços,tots,3
toyb4,22.770.366/0001-82,Consumo Cíclico,Viagens e Lazer,Brinquedos e Jogos,toyb,4
tpis3,03.014.553/0001-91,Bens Industriais,Transporte,Exploração de Rodovias,tpis,3
trad3,26.345.998/0001-50,Tecnologia da Informação,Programas e Serviços,Programas e Serviços,trad,3
tris3,08.811.643/0001-27,Consumo Cíclico,Construção Civil,Incorporações,tris,3
trpl4,02.998.611/0001-04,Utilidade Pública,Energia Elétrica,Energia Elétrica,trpl,4
tten3,94.813.102/0001-70,Consumo não Cíclico,Agropecuária,Agricultura,tten,3
tupy3,84.683.374/0001-49,Bens Industriais,Material de Transporte,Material Rodoviário,tupy,3
txrx4,82.982.075/0001-80,Consumo Cíclico,Tecidos. Vestuário e Calçados,Fios e Tecidos,txrx,4
ucas3,90.441.460/0001-48,Consumo Cíclico,Utilidades Domésticas,Móveis,ucas,3
ugpa3,33.256.439/0001-39,Petróleo. Gás e Biocombustíveis,Petróleo. Gás e Biocombustíveis,Exploração. Refino e Distribuição,ugpa,3
unip3,33.958.695/0001-78,Materiais Básicos,Químicos,Químicos Diversos,unip,3
usim3,60.894.730/0001-05,Materiais Básicos,Siderurgia e Metalurgia,Siderurgia,usim,3
vale3,33.592.510/0001-54,Materiais Básicos,Mineração,Minerais Metálicos,vale,3
vamo3,23.373.000/0001-32,Bens Industriais,Máquinas e Equipamentos,Máq. e Equip. Construção e Agrícolas,vamo,3
vbbr3,34.274.233/0001-02,Petróleo. Gás e Biocombustíveis,Petróleo. Gás e Biocombustíveis,Exploração. Refino e Distribuição,vbbr,3
viia3,33.041.260/0652-90,Consumo Cíclico,Comércio,Eletrodomésticos,viia,3
vitt3,45.365.558/0001-09,Materiais Básicos,Químicos,Fertilizantes e Defensivos,vitt,3
viva3,33.839.910/0001-11,Consumo Cíclico,Tecidos. Vestuário e Calçados,Acessórios,viva,3
vivr3,67.571.414/0001-41,Consumo Cíclico,Construção Civil,Incorporações,vivr,3
vivt4,02.558.157/0001-62,Comunicações,Telecomunicações,Telecomunicações,vivt,4
vlid3,33.113.309/0001-47,Bens Industriais,Serviços,Serviços Diversos,vlid,3
vspt4,00.924.429/0001-75,Bens Industriais,Transporte,Transporte Ferroviário,vspt,4
vulc3,50.926.955/0001-42,Consumo Cíclico,Tecidos. Vestuário e Calçados,Calçados,vulc,3
vveo3,12.420.164/0001-57,Saúde,Serv.Méd.Hospit..Análises e Diagnósticos,Serv.Méd.Hospit..Análises e Diagnósticos,vveo,3
wege3,84.429.695/0001-11,Bens Industriais,Máquinas e Equipamentos,Motores . Compressores e Outros,wege,3
west3,14.776.142/0001-50,Consumo Cíclico,Comércio,Produtos Diversos,west,3
whrl4,59.105.999/0001-86,Consumo Cíclico,Comércio,Eletrodomésticos,whrl,4
wizs3,42.278.473/0001-03,Financeiro e Outros,Previdência e Seguros,Corretoras de Seguros,wizs,3
wlmm4,33.228.024/0001-51,Bens Industriais,Comércio,Material de Transporte,wlmm,4
yduq3,08.807.432/0001-10,Consumo Cíclico,Diversos,Serviços Educacionais,yduq,3
